file,ok,category,date,title,venue,paperurl,errors,warnings
1998-03-01-nano-threads-runtime.md,yes,workshops,1998-03-01,Efficient Runtime Thread Management for the Nano-Threads Programming Model,IEEE International Parallel and Distributed Processing Symposium (IPDPS Workshops),https://link.springer.com/chapter/10.1007/3-540-64359-1_688,,
1998-07-01-kernel-level-nano-threads.md,yes,conferences,1998-07-01,Kernel-Level Scheduling for the Nano-Threads Programming Model,ACM International Conference on Supercomputing (ICS),https://doi.org/10.1145/277830.277911,,
1998-09-01-enhancing-autoscheduling-dsm-multiprocessors.md,yes,conferences,1998-09-01,Enhancing the performance of autoscheduling in Distributed Shared Memory multiprocessors,International European Conference on Parallel Processing (Euro-Par),https://doi.org/10.1007/BFb0057892,,
1999-01-01-fine-grain-multiprogramming-nanothreading.md,yes,conferences,1999-01-01,Fine-Grain and Multiprogramming-Conscious Nanothreading with the Solaris Operating System,Parallel and Distributed Processing Techniques and Applications,,,missing recommended 'paperurl'
1999-01-01-nano-threads-programming-model-specification.md,yes,techreports,1999-01-01,Nano-Threads: Programming Model Specification,ESPRIT Project NANOS Technical Report,,,missing recommended 'paperurl'
1999-01-01-nanos-effective-integration-parallelism.md,yes,techreports,1999-01-01,NANOS: Effective integration of fine-grain parallelism exploitation and multiprogramming,Technical Report,https://d1wqtxts1xzle7.cloudfront.net/30609008/10.1.1.24.3922-libre.pdf?1391836507=&response-content-disposition=inline%3B+filename%3DNANOS_Effective_Integration_of_Fine_grai.pdf&Expires=1748451625&Signature=SrVkj8QKZsBSRtRzToOq4ck9XqNn048FGn1fNdrMFbTs596oMIt7MNKQnZsqrhbY57Z03gGgeiDJCtsKL2S9GGbirp4u6sqArYvDWRqir4lXEwWREa1Ow3iSUtKf-ca~1sh~g7lHby6hIS6myzPUdfqwerk8LLcQ0PNve98ymnI02cKXAsLpll8FTV4WF4auvoGsawsZMHguYZT-Dd3nJZtrkzGH71ryvCItIuYJdmyul4ozZIkLZ7bDYxqxE-q-6IL39NKGzhWapA5iNy3VrIcCRwDwzLLvNETbxyCEqxrtwvxRsTrh0z4py2q2Dygv4kW04W5WzuuPaZN~hA8f5A__&Key-Pair-Id=APKAJLOHF5GGSLRBV4ZA,,
1999-01-01-system-software-reducing-memory-latency.md,yes,conferences,1999-01-01,System Software Support for Reducing Memory Latency on Distributed Shared Memory Multiprocessors,Hellenic Conference on Informatics,https://www.researchgate.net/profile/Dimitrios-Nikolopoulos-3/publication/2520261_System_Software_Support_for_Reducing_Memory_Latency_on_Distributed_Shared_Memory_Multiprocessors/links/0c960536d40e85ae99000000/System-Software-Support-for-Reducing-Memory-Latency-on-Distributed-Shared-Memory-Multiprocessors.pdf,,
1999-06-01-sync-eval-origin2000.md,yes,conferences,1999-06-01,A Quantitative Architectural Evaluation of Synchronization Algorithms and Disciplines on ccNUMA Systems: The Case of the SGI Origin2000,ACM International Conference on Supercomputing (ICS),https://doi.org/10.1145/305138.305209,,
1999-08-01-kernel-nano-threads.md,yes,conferences,1999-08-01,An Efficient Kernel-Level Scheduling Methodology for Multiprogrammed Shared Memory Multiprocessors,International Conference on Parallel and Distributed Computing Systems (PDCS),,,missing recommended 'paperurl'
2000-05-01-fast-synchronization-hybrid-primitives.md,yes,conferences,2000-05-01,Fast synchronization on scalable cache-coherent multiprocessors using hybrid primitives,International Parallel and Distributed Processing Symposium (IPDPS),https://doi.org/10.1109/IPDPS.2000.846056,,
2000-05-01-leveraging-transparent-data-distribution-openmp.md,yes,conferences,2000-05-01,Leveraging Transparent Data Distribution in OpenMP via User-Level Dynamic Page Migration,International Symposium on High Performance Computing (ISHPC),https://doi.org/10.1007/3-540-39999-2_40,,
2000-05-01-user-level-page-migration.md,yes,conferences,2000-05-01,A Case for User-Level Dynamic Page Migration,ACM International Conference on Supercomputing (ICS),https://doi.org/10.1145/335231.335243,,
2000-06-01-efficient-dynamic-parallelism-openmp.md,yes,conferences,2000-06-01,Efficient Dynamic Parallelism with OpenMP on Linux SMPs,Parallel and Distributed Processing Techniques and Applications,,,missing recommended 'paperurl'
2000-06-01-nanos-cpu-manager.md,yes,workshops,2000-06-01,A Tool to Schedule Parallel Applications on Multiprocessors: The NANOS CPU Manager,Job Scheduling Strategies for Parallel Processing (JSSPP),https://doi.org/10.1007/3-540-39997-6_7,,
2000-06-01-runtime-data-distribution-openmp.md,yes,manuscripts,2000-06-01,A Transparent Runtime Data Distribution Engine for OpenMP,Scientific Programming,https://onlinelibrary.wiley.com/doi/abs/10.1155/2000/417570,,
2000-08-01-page-migration-smp.md,yes,conferences,2000-08-01,User-Level Dynamic Page Migration for Multiprogrammed Shared-Memory Multiprocessors,International Conference on Parallel Processing (ICPP),https://doi.org/10.1109/ICPP.2000.876083,,
2000-10-01-upmlib-memory-performance.md,yes,workshops,2000-10-01,UPMLIB: A Runtime System for Tuning the Memory Performance of OpenMP Programs on Scalable Shared-Memory Multiprocessors,"Languages, Compilers, and Run-Time Systems for Scalable Computers (LCR)",https://doi.org/10.1007/3-540-40889-4_7,,
2000-11-01-openmp-data-distribution.md,yes,conferences,2000-11-01,Is Data Distribution Necessary in OpenMP?,"International Conference on High-Performance Computing, Networking, Storage and Analysis (SC)",https://doi.org/10.1109/SC.2000.10025,,
2001-01-01-iccs-interruptlets-java.md,yes,conferences,2001-01-01,Improving Java Server Performance with Interruptlets,International Conference on Computational Science (ICCS),https://doi.org/10.1007/3-540-45545-0_31,,
2001-06-01-shared-memory-data-distribution.md,yes,conferences,2001-06-01,The Trade-Off Between Implicit and Explicit Data Distribution in Shared-Memory Programming Paradigms,ACM International Conference on Supercomputing (ICS),https://doi.org/10.1145/377792.377801,,
2001-06-01-study-implicit-data-distribution-openmp.md,yes,workshops,2001-06-01,A Study of Implicit Data Distribution Methods for OpenMP Using the SPEC Benchmarks,International Workshop on OpenMP (IWOMP),https://doi.org/10.1007/3-540-44587-0_11,,
2001-06-01-synchronization-ccnuma.md,yes,manuscripts,2001-06-01,The Architectural and Operating System Implications on the Performance of Synchronization on ccNUMA Multiprocessors,International Journal of Parallel Programming,https://doi.org/10.1023/A:1011168003859,,
2001-08-01-scheduling-synchronizing-threads.md,yes,conferences,2001-08-01,Informing Algorithms for Efficient Scheduling of Synchronizing Threads on Multiprogrammed SMPs,International Conference on Parallel Processing (ICPP),https://doi.org/10.1109/ICPP.2001.952054,,
2001-08-01-transparent-operating-system-infrastructure-adaptability.md,yes,conferences,2001-08-01,A Transparent Operating System Infrastructure for Embedding Adaptability to Thread-Based Programming Models,International European Conference on Parallel Processing (Euro-Par),https://doi.org/10.1007/3-540-44681-8_75,,
2001-11-01-machine-descriptors-parallelization-models.md,yes,posters,2001-11-01,Using machine descriptors to select parallelization models and strategies on hierarchical systems,"International Conference High Performance Computing, Networking, Storage and Analysis (SC) Poster Session",https://core.ac.uk/download/pdf/10082841.pdf,,
2001-11-01-scaling-irregular-openmp.md,yes,conferences,2001-11-01,Scaling Irregular Parallel Codes with Minimal Programming Effort,"International Conference on High-Performance Computing, Networking, Storage, and Analysis (SC)",https://doi.org/10.1145/582034.582050,,
2001-12-01-openmp-schedule-reuse.md,yes,manuscripts,2001-12-01,Exploiting Memory Affinity in OpenMP through Schedule Reuse,SIGARCH Computer Architecture News,https://doi.org/10.1145/563647.563657,,
2002-04-01-quantifying-resolving-remote-memory-access.md,yes,conferences,2002-04-01,Quantifying and resolving remote memory access contention on hardware DSM multiprocessors,International Parallel and Distributed Processing Symposium (IPDPS),https://doi.org/10.1109/IPDPS.2002.1015503,,
2002-04-15-adaptive-scheduling-memory-pressure-smps.md,yes,conferences,2002-04-15,Adaptive scheduling under memory pressure on multiprogrammed SMPs,International Parallel and Distributed Processing Symposium (IPDPS),https://doi.org/10.1109/IPDPS.2002.1015481,,
2002-04-15-effective-cross-platform-parallelism.md,yes,workshops,2002-04-15,"Effective cross-platform, multilevel parallelism via dynamic adaptive execution",International Parallel and Distributed Processing Symposium (IPDPS) Workshops,https://doi.org/10.1109/IPDPS.2002.1016495,,
2002-05-01-adaptive-scheduling-clusters.md,yes,conferences,2002-05-01,Adaptive Scheduling under Memory Pressure on Multiprogrammed Clusters,"IEEE International Symposium on Cluster, Cloud and Internet Computing (CCGRID)",https://doi.org/10.1109/CCGRID.2002.1017108,,
2002-06-01-scheduler-activated-page-migration.md,yes,manuscripts,2002-06-01,Scheduler-Activated Dynamic Page Migration for Multiprogrammed DSM Multiprocessors,Journal of Parallel and Distributed Computing,https://doi.org/10.1006/jpdc.2001.1817,,
2002-08-01-runtime-vs-manual-data-distribution.md,yes,manuscripts,2002-08-01,Runtime vs. Manual Data Distribution for Architecture-Agnostic Shared-Memory Programming Models,International Journal of Parallel Programming,https://doi.org/10.1023/A:1019899812171,,
2003-01-01-scaling-non-regular-shared-memory-codes.md,yes,manuscripts,2003-01-01,Scaling Non-Regular Shared-Memory Codes by Reusing Custom Loop Schedules,Scientific Programming,https://doi.org/10.1155/2003/379739,,
2003-04-22-malleable-memory-mapping-user-level.md,yes,conferences,2003-04-22,Malleable memory mapping: user-level control of memory bounds for effective program adaptation,International Parallel and Distributed Processing Symposium (IPDPS),https://doi.org/10.1109/IPDPS.2003.1213074,,
2003-06-01-adaptive-scheduling-farms.md,yes,manuscripts,2003-06-01,Adaptive Scheduling Under Memory Constraints on Non-Dedicated Computational Farms,Future Generation Computer Systems,https://doi.org/10.1016/S0167-739X(03)00031-1,,
2003-07-01-shared-cache-smt.md,yes,conferences,2003-07-01,Code and Data Transformations for Improving Shared Cache Performance on SMT Processors,International Symposium on High Performance Computing (ISHPC),https://doi.org/10.1007/978-3-540-39707-6_5,,
2003-09-01-quantifying-contention-balancing-memory-load.md,yes,manuscripts,2003-09-01,Quantifying contention and balancing memory load on hardware DSM multiprocessors,Journal of Parallel and Distributed Computing,https://doi.org/10.1016/S0743-7315(03)00105-9,,
2003-10-01-bus-aware-scheduling.md,yes,conferences,2003-10-01,Scheduling Algorithms with Bus Bandwidth Considerations for SMPs,International Conference on Parallel Processing (ICPP),https://doi.org/10.1109/ICPP.2003.1240622,,
2004-01-01-dynamic-tiling-smt-caches.md,yes,manuscripts,2004-01-01,Dynamic Tiling for Effective Use of Shared Caches on Multithreaded Processors,International Journal of High Performance Computing and Networking,https://www.inderscienceonline.com/doi/abs/10.1504/IJHPCN.2004.009265,,
2004-01-01-imr-smt-meshgeneration.md,yes,conferences,2004-01-01,Exploiting Simultaneous Multithreading for Parallel Mesh Generation: A Multigrain Approach on Deep Multiprocessors,International Meshing Roundtable (IMR),,,missing recommended 'paperurl'
2004-04-01-memory-pressure-cows.md,yes,conferences,2004-04-01,Adapting to Memory Pressure from Within Scientific Applications on Multiprogrammed COWs,IEEE International Parallel and Distributed Processing Symposium (IPDPS),https://doi.org/10.1109/IPDPS.2004.1303002,,
2004-10-01-precomputation-tlp-smts.md,yes,workshops,2004-10-01,Runtime Support for Integrating Precomputation and Thread-Level Parallelism on Simultaneous Multithreaded Processors,"Workshop on Languages, Compilers and Runtime Systems for Parallel Computing (LCR)",https://doi.org/10.1145/1066650.1066667,,
2005-01-01-bus-aware-bookchapter.md,yes,bookchapters,2005-01-01,Scheduling Algorithms with Bus Bandwidth Considerations for SMPs,"High-Performance Computing, John Wiley & Sons",https://doi.org/10.1002/0471732710.ch16,,
2005-01-01-power-aware-resource-allocation.md,yes,workshops,2005-01-01,Power-aware Resource Allocation via Online Simulation with Multiple-queue Backfilling,Workshop on Preformability Modeling of Computer and Communication Systems,https://www.researchgate.net/profile/Dimitrios-Nikolopoulos-3/publication/250865968_Power-aware_Resource_Allocation_via_Online_Simulation_with_Multiple-queue_Backfilling/links/54f8f4350cf28d6deca2d371/Power-aware-Resource-Allocation-via-Online-Simulation-with-Multiple-queue-Backfilling.pdf,,
2005-04-01-thread-pairing-hybrid.md,yes,conferences,2005-04-01,Scheduling Algorithms for Effective Thread Pairing on Hybrid Multiprocessors,International Parallel and Distributed Processing Symposium (IPDPS),https://doi.org/10.1109/IPDPS.2005.390,,
2005-06-01-delaunay-mesh-generation.md,yes,conferences,2005-06-01,Multigrain Parallel Delaunay Mesh Generation: Challenges and Opportunities for Multithreaded Architectures,ACM International Conference on Supercomputing (ICS),https://doi.org/10.1145/1088149.1088198,,
2005-06-01-parallel-delaunay-mesh-generation.md,yes,workshops,2005-06-01,2-D Parallel Constrained Delaunay Mesh Generation: A Multigrain Approach on Deep Multiprocessors,PMUA '05 (Workshop at ICS),https://pureadmin.qub.ac.uk/ws/files/3415998/pmua.pdf,,
2005-08-01-smt-sprints-software-precomputation-intelligent.md,yes,conferences,2005-08-01,smt-SPRINTS: Software Precomputation with Intelligent Streaming for Resource-Constrained SMTs,International European Conference on Parallel Processing (Euro-Par),https://doi.org/10.1007/11549468_78,,
2005-09-01-factory-object-oriented-parallel-programming.md,yes,conferences,2005-09-01,Factory: An Object-Oriented Parallel Programming Substrate for Deep Multiprocessors,High Performance Computing and Communications (HPCC),https://doi.org/10.1007/11557654_28,,
2005-09-01-multithreaded-execution-smt.md,yes,conferences,2005-09-01,Integrating Multiple Forms of Multithreaded Execution on Multi-SMT Systems: A Study with Scientific Applications,International Conference on the Quantitative Evaluation of Systems (QEST),https://doi.org/10.1109/QEST.2005.16,,
2005-12-01-scheduling-memory-bandwidth.md,yes,conferences,2005-12-01,Realistic Workload Scheduling Policies for Taming the Memory Bandwidth Bottleneck of SMPs,IEEE International Conference on High Performance Computing (HiPC),https://doi.org/10.1007/978-3-540-30474-6_33,,
2006-01-01-designing-effective-memory-allocators.md,yes,techreports,2006-01-01,Designing effective memory allocators for multicore and multithreaded systems: A case study with irregular and adaptive applications,"Department of Computer Science, College of William & Mary",,,missing recommended 'paperurl'
2006-01-01-exploring-programming-models-cell-raxml.md,yes,invited,2006-01-01,Exploring Programming Models and Optimizations for the Cell Broadband Engine using RAxML,Virginia Tech High-End Computing Challenge,,,missing recommended 'paperurl'
2006-04-01-facing-challenges-multicore-processor-technologies.md,yes,keynotes,2006-04-01,Facing the challenges of multicore processor technologies using autonomic system software,International Parallel and Distributed Processing Symposium (IPDPS) Workshops,https://doi.org/10.1109/IPDPS.2006.1639604,,
2006-04-01-mesa-cache-conflict-reduction.md,yes,conferences,2006-04-01,MESA: Reducing Cache Conflicts by Integrating Static and Run-Time Methods,IEEE International Symposium on Performance Analysis of Systems and Software (ISPASS),https://doi.org/10.1109/ISPASS.2006.1620803,,
2006-04-01-online-strategies-power-aware.md,yes,workshops,2006-04-01,Online Strategies for High-Performance Power-Aware Thread Execution on Emerging Multiprocessors,IEEE International Parallel & Distributed Processing Symposium (IPDPS Workshops),https://doi.org/10.1109/IPDPS.2006.1639598,,
2006-05-15-design-online-predictors-autonomic-power.md,yes,manuscripts,2006-05-15,On the design of online predictors for autonomic power-performance adaptation of multithreaded programs,Journal of Autonomic and Trusted Computing,,,missing recommended 'paperurl'
2006-06-01-power-performance-multithreading.md,yes,conferences,2006-06-01,Online Power-Performance Adaptation of Multithreaded Programs Using Hardware Event-Based Prediction,ACM International Conference on Supercomputing (ICS),https://doi.org/10.1145/1183401.1183426,,
2006-06-01-runtime-support-memory-adaptation-scientific.md,yes,conferences,2006-06-01,Runtime Support for Memory Adaptation in Scientific Applications via Local Disk and Remote Memory,IEEE International Conference on High Performance Distributed Computing (HPDC),https://doi.org/10.1109/HPDC.2006.1652149,,
2006-06-01-scalable-memory-allocation.md,yes,conferences,2006-06-01,Scalable Locality-Conscious Multithreaded Memory Allocation,ACM SIGPLAN International Symposium on Memory Management (ISMM),https://doi.org/10.1145/1133956.1133968,,
2006-09-01-pacman-performance-counters-manager.md,yes,conferences,2006-09-01,PACMAN: A PerformAnce Counters MANager for Intel Hyperthreaded Processors,International Conference on the Quantitative Evaluation of Systems (QEST),https://doi.org/10.1109/QEST.2006.41,,
2006-12-01-dynamic-program-stirring-multiple-cores.md,yes,workshops,2006-12-01,"Dynamic Program Stirring on Multiple Cores: How Hardware Performance Monitors Can Help Regulate Performance, Power, and Temperature Simultaneously",Workshop on Functionality of Hardware Performance Monitors,,,missing recommended 'paperurl'
2007-01-01-achieving-multiprogramming-scalability-nanothreading.md,yes,conferences,2007-01-01,Achieving Multiprogramming Scalability of Parallel Programs on Intel SMP Platforms: Nanothreading in the Linux Kernel,Parallel Computing,https://doi.org/10.1142/9781848160170_0074,,
2007-01-01-multigrain-parallelism-techreport.md,yes,techreports,2007-01-01,Modeling Multigrain Parallelism on Heterogeneous Multi-core Processors,"Technical Report TR-07-26, Department of Computer Science, Virginia Tech",,,missing recommended 'paperurl'
2007-01-01-synthesizing-parallel-programming-models.md,yes,workshops,2007-01-01,Synthesizing Parallel Programming Models for Asymmetric Multi-core Systems,11th Workshop on High Performance Embedded Computing,https://citeseerx.ist.psu.edu/document?repid=rep1&type=pdf&doi=5bb442be0ce5548b907e0221df4dec49df72b545,,
2007-03-01-comparison-online-offline-strategies.md,yes,conferences,2007-03-01,A comparison of online and offline strategies for program adaptation,Annual ACM Southeast Conference (ACMSE),https://doi.org/10.1145/1233341.1233371,,
2007-03-01-dynamic-multigrain-cell.md,yes,conferences,2007-03-01,Dynamic Multigrain Parallelization on the Cell Broadband Engine,ACM SIGPLAN Symposium on Principles and Practice of Parallel Programming (PPoPP),https://doi.org/10.1145/1229428.1229445,,
2007-03-01-raxml-cell.md,yes,conferences,2007-03-01,RAxML-Cell: Parallel Phylogenetic Tree Inference on the Cell Broadband Engine,IEEE International Parallel and Distributed Processing Symposium (IPDPS),https://doi.org/10.1109/IPDPS.2007.370267,,
2007-06-01-application-specific-customization-vt-asos.md,yes,workshops,2007-06-01,Application-specific customization on many-core platforms: the VT-ASOS framework,Second Workshop on Software and Tools for Multi-Core Systems,,,missing recommended 'paperurl'
2007-06-01-runtime-programming-support-memory-adaptation.md,yes,manuscripts,2007-06-01,Runtime and Programming Support for Memory Adaptation in Scientific Applications via Local Disk and Remote Memory,Journal of Grid Computing,https://doi.org/10.1007/s10723-007-9075-7,,
2007-09-01-asymmetric-multicore-systems.md,yes,invited,2007-09-01,System Software Challenges and Opportunities on Asymmetric Multi-core Processors,Falls Creek Falls Conference,,,missing recommended 'paperurl'
2007-09-01-energy-efficient-concurrency-ml.md,yes,workshops,2007-09-01,Identifying Energy-Efficient Concurrency Levels Using Machine Learning,IEEE International Conference on Cluster Computing (CLUSTER) Workshops,https://doi.org/10.1109/CLUSTR.2007.4629274,,
2007-09-01-experience-memory-allocators-parallel-mesh.md,yes,conferences,2007-09-01,Experience with memory allocators for parallel mesh generation on multicore architectures,International Conference on Numerical Grid Generation in Computational Field Simulations,,,missing recommended 'paperurl'
2007-09-01-raxml-ibm-cell.md,yes,manuscripts,2007-09-01,Exploring New Search Algorithms and Hardware for Phylogenetics: RAxML Meets the IBM Cell,"The Journal of VLSI Signal Processing Systems for Signal, Image, and Video Technology",https://doi.org/10.1007/s11265-007-0067-4,,
2007-10-01-runtime-scheduling-accelerator.md,yes,manuscripts,2007-10-01,Runtime Scheduling of Dynamic Parallelism on Accelerator-Based Multi-Core Systems,Parallel Computing,https://doi.org/10.1016/j.parco.2007.09.004,,
2008-01-01-dma-prefetch-cell.md,yes,conferences,2008-01-01,DMA-Based Prefetching for I/O-Intensive Workloads on the Cell Architecture,ACM International Conference on Computing Frontiers (CF),https://doi.org/10.1145/1366230.1366236,,
2008-01-01-melisses-techreport.md,yes,techreports,2008-01-01,COMPUTER SCIENCE RESEARCH MELISSES: Liquid Services for Scalable Multithreaded and Multicore Execution on Emerging Supercomputers,"Technical Report, Virginia Tech",,,missing recommended 'paperurl'
2008-01-01-modeling-multigrain-parallelism-cell.md,yes,conferences,2008-01-01,Modeling Multigrain Parallelism on Heterogeneous Multi-core Processors: A Case Study of the Cell BE,International Conference on High Performance Embedded Architectures and Compilers (HiPEAC),https://doi.org/10.1007/978-3-540-77560-7_4,,
2008-01-01-set-top-supercomputing-game-consoles.md,yes,invited,2008-01-01,Set-top supercomputing: scalable software for scientific simulations on game consoles,ERCIM News,https://ercim-news.ercim.eu/en74/special/set-top-supercomputing-scalable-software-for-scientific-simulations-on-game-consoles,,
2008-02-01-supporting-io-intensive-workloads-cell.md,yes,conferences,2008-02-01,Supporting I/O-Intensive Workloads on the Cell Architecture,USENIX Conference on File and Storage Technologies (FAST),https://www.usenix.org/legacy/events/fast08/wips_posters/rafique-poster.pdf,,
2008-04-01-vt-asos-holistic-system-software.md,yes,workshops,2008-04-01,VT-ASOS: Holistic system software customization for many cores,IEEE International Symposium on Parallel and Distributed Processing (IPDPS) Workshops,https://doi.org/10.1109/IPDPS.2008.4536390,,
2008-05-01-cellswat-wavefront-cell.md,yes,conferences,2008-05-01,Cell-SWat: Modeling and Scheduling Wavefront Computations on the Cell Broadband Engine,ACM International Conference on Computing Frontiers (CF),https://doi.org/10.1145/1366230.1366235,,
2008-05-01-scheduling-asymmetric-parallelism-playstation3.md,yes,conferences,2008-05-01,Scheduling Asymmetric Parallelism on a PlayStation3 Cluster,IEEE International Symposium on Cluster Computing and the Grid (CCGRID),https://doi.org/10.1109/CCGRID.2008.64,,
2008-06-01-evaluation-openmp-multicore.md,yes,workshops,2008-06-01,An Evaluation of OpenMP on Current and Emerging Multithreaded/Multicore Processors,"OpenMP Shared Memory Parallel Programming, Springer Berlin Heidelberg",https://doi.org/10.1007/978-3-540-68555-5_11,,
2008-07-01-hardware-support-explicit-communication.md,yes,techreports,2008-07-01,Hardware Support for Explicit Communication in Scalable CMPs,"Technical Report, Computer Architecture Dept., Polytechnic University of Catalonia (UPC)",,,missing recommended 'paperurl'
2008-10-01-power-performance-scientific-codes.md,yes,manuscripts,2008-10-01,Prediction-Based Power-Performance Adaptation of Multithreaded Scientific Codes,IEEE Transactions on Parallel and Distributed Systems,https://doi.org/10.1109/TPDS.2007.70804,,
2008-10-25-power-performance-prediction.md,yes,conferences,2008-10-25,Prediction Models for Multi-Dimensional Power-Performance Optimization on Many Cores,International Conference on Parallel Architectures and Compilation Techniques (PACT),https://doi.org/10.1145/1454115.1454151,,
2009-01-01-fast2009-accelerator-poster.md,yes,posters,2009-01-01,Supporting Data-Intensive Applications on Accelerator-Based Distributed Systems,"Poster Session, USENIX Conference on File and Storage Technologies (FAST)",,,missing recommended 'paperurl'
2009-02-01-programming-models-emm.md,yes,conferences,2009-02-01,A Comparison of Programming Models for Multiprocessors with Explicitly Managed Memory Hierarchies,ACM SIGPLAN Symposium on Principles and Practice of Parallel Programming (PPoPP),https://doi.org/10.1145/1504176.1504197,,
2009-04-01-mapreduce-asymmetric-clusters.md,yes,manuscripts,2009-04-01,Supporting MapReduce on Large-Scale Asymmetric Multi-Core Clusters,SIGOPS Operating Systems Review,https://doi.org/10.1145/1531793.1531800,,
2009-04-01-programming-models-emm-journal.md,yes,manuscripts,2009-04-01,A Comparison of Programming Models for Multiprocessors with Explicitly Managed Memory Hierarchies,SIGPLAN Notices,https://doi.org/10.1145/1594835.1504197,,
2009-05-01-cellmr-mapreduce.md,yes,conferences,2009-05-01,CellMR: A Framework for Supporting MapReduce on Asymmetric Cell-Based Clusters,International Symposium on Parallel & Distributed Processing (IPDPS),https://doi.org/10.1109/IPDPS.2009.5161062,,
2009-05-01-scicomp-cellbe-scheduling.md,yes,conferences,2009-05-01,Scheduling Dynamic Parallelism on the Cell BE,IBM HPC Systems Scientific Computing User Group (SCICOMP),,,missing recommended 'paperurl'
2009-05-18-scheduling-dynamic-parallelism-accelerators.md,yes,conferences,2009-05-18,Scheduling dynamic parallelism on accelerators,ACM Conference on Computing Frontiers (CF),https://doi.org/10.1145/1531743.1531769,,
2009-07-01-delaunay-mesh-jpdc.md,yes,manuscripts,2009-07-01,A Multigrain Delaunay Mesh Generation Method for Multicore SMT-Based Architectures,Journal of Parallel and Distributed Computing,https://doi.org/10.1016/j.jpdc.2009.03.009,,
2009-07-01-delaunay-smt-optimization.md,yes,manuscripts,2009-07-01,"Algorithm, Software, and Hardware Optimizations for Delaunay Mesh Generation on Simultaneous Multithreaded Architectures",Journal of Parallel and Distributed Computing,https://doi.org/10.1016/j.jpdc.2009.03.005,,
2009-09-01-runtime-framework-multidimensional-arrays.md,yes,techreports,2009-09-01,A Runtime Framework for Optimizing Multi-Dimensional Array Accesses on Multi-core Processors,Technical Report,,,missing recommended 'paperurl'
2009-10-01-green-building-blocks.md,yes,invited,2009-10-01,Green Building Blocks - Software Stacks for Energy-Efficient Clusters and Data Centres,ERCIM News,https://ercim-news.ercim.eu/en79/special/green-building-blocks,,
2009-11-01-sc2009-hybrid-power-poster.md,yes,posters,2009-11-01,Model-Based Hybrid MPI/OpenMP Power-Aware Computing,"ACM/IEEE International Conference on High-Performance Computing, Networking, Storage, and Analysis (SC) Poster Session",,,missing recommended 'paperurl'
2009-12-01-economist-processors-cooperation.md,yes,magazines,2009-12-01,Processors: The Challenge of Cooperation,"Economist Special Edition, Volume 71",,,missing recommended 'paperurl'
2009-12-01-explicit-memory-multiprocessors.md,yes,manuscripts,2009-12-01,Programming Multiprocessors with Explicitly Managed Memory Hierarchies,IEEE Computer,https://doi.org/10.1109/MC.2009.407,,
2009-12-21-cluster2009-welcome.md,yes,volumes,2009-12-21,Proceedings of the Parallel Programming wtih Accelerators Workshop,IEEE International Conference on Cluster Computing (CLUSTER) Workshops,https://doi.org/10.1109/CLUSTR.2009.5289209,,
2010-01-01-parallelization-h264-cell-be.md,yes,techreports,2010-01-01,Parallelization and Performance of an H.264 Video Encoder on the Cell BE,"Technical Report, Foundation for Research and Technology Hellas, Institute of Computer Science",https://pureadmin.qub.ac.uk/ws/files/3630536/acaces09.pdf,,
2010-01-01-scoop-source-level-compiler-optimizations.md,yes,techreports,2010-01-01,SCOOP: Source-level COmpiler Optimizations for Parallelism,"Technical Report, Foundation for Research and Technology Hellas, Institute of Computer Science",,,missing recommended 'paperurl'
2010-01-01-tpc-cell-runtime.md,yes,conferences,2010-01-01,Tagged Procedure Calls (TPC): Efficient Runtime Support for Task-Based Parallelism on the Cell Processor,International Conference on High Performance Embedded Architectures and Compilers (HiPEAC),https://doi.org/10.1007/978-3-642-11515-8_23,,
2010-03-01-scalability-productivity-parallel-models.md,yes,techreports,2010-03-01,Scalability and Productivity of Parallel Programming Models for Heterogeneous–ISA Multi-Core Architectures with Local Memories,Technical Report,https://people.ac.upc.edu/vbeltran/papers/MICRO10.pdf,,
2010-04-01-hybrid-mpi-openmp-power.md,yes,conferences,2010-04-01,Hybrid MPI/OpenMP Power-Aware Computing,IEEE International Symposium on Parallel & Distributed Processing (IPDPS),https://doi.org/10.1109/IPDPS.2010.5470463,,
2010-04-01-power-aware-mpi-aggregation.md,yes,conferences,2010-04-01,Power-Aware MPI Task Aggregation Prediction for High-End Computing Systems,International Symposium on Parallel & Distributed Processing (IPDPS),https://doi.org/10.1109/IPDPS.2010.5470464,,
2010-05-01-accelerator-distributed-systems.md,yes,conferences,2010-05-01,Designing Accelerator-Based Distributed Systems for High Performance,"IEEE International Symposium on Cluster, Cloud and Internet Computing (CCGRID)",https://doi.org/10.1109/CCGRID.2010.109,,
2010-05-01-cache-integrated-ni.md,yes,conferences,2010-05-01,On-chip Communication and Synchronization Mechanisms with Cache-Integrated Network Interfaces,ACM International Conference on Computing Frontiers (CF),https://doi.org/10.1145/1787275.1787328,,
2010-07-01-streaming-aggregation-parallel.md,yes,conferences,2010-07-01,Evaluation of Streaming Aggregation on Parallel Hardware Architectures,ACM International Conference on Distributed Event-Based Systems (DEBS),https://doi.org/10.1145/1827418.1827467,,
2010-08-01-mapreduce-heterogeneous-multicores.md,yes,conferences,2010-08-01,Rearchitecting MapReduce for Heterogeneous Multicore Processors with Explicitly Managed Memories,International Conference on Parallel Processing (ICPP),https://doi.org/10.1109/ICPP.2010.21,,
2010-08-01-scalability-smp-cmp.md,yes,conferences,2010-08-01,Comparing Scalability Prediction Strategies on an SMP of CMPs,International European Conference on Parallel and Distributed Computing (Euro-Par),https://doi.org/10.1007/978-3-642-15277-1_14,,
2010-09-01-explicit-comm-sarc.md,yes,manuscripts,2010-09-01,Explicit Communication and Synchronization in SARC,IEEE Micro,https://doi.org/10.1109/MM.2010.77,,
2010-09-01-parallel-models-heterogeneous.md,yes,manuscripts,2010-09-01,Parallel Programming Models for Heterogeneous Multicore Architectures,"IEEE Micro, Volume 30, Issue 5",https://doi.org/10.1109/MM.2010.94,,
2010-11-01-strider-runtime-support-strided-data.md,yes,conferences,2010-11-01,Strider: Runtime Support for Optimizing Strided Data Accesses on Multi-Cores with Explicitly Managed Memories,"ACM/IEEE International Conference for High Performance Computing, Networking, Storage and Analysis (SC)",https://doi.org/10.1109/SC.2010.52,,
2010-12-02-cluster2010-foreword.md,yes,volumes,2010-12-02,Proceedings of the 2010 IEEE International Conference on Cluster Computing,IEEE International Conference on Cluster Computing (CLUSTER),https://doi.org/10.1109/CLUSTER.2010.5,,
2011-01-01-cluster-ppac-workshop.md,yes,volumes,2011-01-01,PPAC 2011 Workshop Proceedings,2011 IEEE International Conference on Cluster Computing,https://doi.org/10.1109/CLUSTER.2011.87,,
2011-01-10-multiprog-memory-keynote.md,yes,keynotes,2011-01-10,To Program or Not To Program the Memory Hierarchy?,Workshop on Programmability Issues for Heterogeneous Multicores (MULTIPROG),,,missing recommended 'paperurl'
2011-02-01-capabilities-aware-accelerators.md,yes,manuscripts,2011-02-01,A Capabilities-Aware Framework for Using Computational Accelerators in Data-Intensive Computing,Journal of Parallel and Distributed Computing,https://doi.org/10.1016/j.jpdc.2010.09.004,,
2011-03-01-fine-grain-openmp-runtime-support.md,yes,conferences,2011-03-01,Fine-grain OpenMP runtime support with explicit communication hardware primitives,"Design, Automation & Test in Europe (DATE)",https://doi.org/10.1109/DATE.2011.5763299,,
2011-04-01-cgo-task-parallelism-poster.md,yes,posters,2011-04-01,C Source Level Transformations & Optimizations for Task-Based Parallelism,"International Symposium on Code Generation and Optimization (CGO), Poster Session",,,missing recommended 'paperurl'
2011-05-01-task-based-parallel-programming.md,yes,workshops,2011-05-01,Parallel Programming of General-Purpose Programs Using Task-Based Programming Models,USENIX Workshop on Hot Topics in Parallelism (HotPar),https://www.usenix.org/legacy/events/hotpar11/tech/final_files/Vandierendonck.pdf,,
2011-05-03-scalable-memory-registration-helper-threads.md,yes,conferences,2011-05-03,Scalable memory registration for high performance networks using helper threads,ACM International Conference on Computing Frontiers (CF),https://doi.org/10.1145/2016604.2016652,,
2011-06-01-deterministic-task-parallelism.md,yes,workshops,2011-06-01,A Programming Model for Deterministic Task Parallelism,ACM SIGPLAN Workshop on Memory Systems Performance and Correctness (MSPC),https://doi.org/10.1145/1988915.1988918,,
2011-07-01-mapreduce-single-chip-cloud-architecture.md,yes,posters,2011-07-01,MapReduce for the Single-Chip-Cloud Architecture,International Summer School on Advanced Computer Architecture and Compilation for High-Performance and Embedded Systems (ACACES),https://tpapagian.github.io/files/acaces11.pdf,,
2011-07-01-scalable-runtime-support-data-intensive.md,yes,conferences,2011-07-01,Scalable Runtime Support for Data-Intensive Applications on the Single-Chip Cloud Computer,Intel Many-core Applications Research Community Symposium (MARC),https://tpapagian.github.io/files/paper_marc.pdf,,
2011-07-18-task-based-h264-encoding.md,yes,conferences,2011-07-18,Task-Based Parallel H.264 Video Encoding for Explicit Communication Architectures,"International Conference on Embedded Computer Systems: Architectures, Modeling, and Simulation (SAMOS)",https://doi.org/10.1109/SAMOS.2011.6045464,,
2011-09-01-unified-scheduler-task-dataflow.md,yes,conferences,2011-09-01,A Unified Scheduler for Recursive and Task Dataflow Parallelism,International Conference on Parallel Architectures and Compilation Techniques (PACT),https://doi.org/10.1109/PACT.2011.7,,
2011-09-15-eurompi-edited-volume.md,yes,volumes,2011-09-15,Recent Advances in the Message Passing Interface,European MPI Users' Group Meeting (EuroMPI),https://doi.org/10.1007/978-3-642-24449-0,,
2012-02-01-bddt-task-parallelism-conference.md,yes,conferences,2012-02-01,BDDT: Block-Level Dynamic Dependence Analysis for Deterministic Task-Based Parallelism,ACM SIGPLAN Symposium on Principles and Practice of Parallel Programming (PPoPP),https://doi.org/10.1145/2145816.2145864,,
2012-05-01-formic-manycore-prototyping.md,yes,conferences,2012-05-01,Formic: Cost-Efficient and Scalable Prototyping of Manycore Architectures,IEEE International Symposium on Field-Programmable Custom Computing Machines (FCCM),https://doi.org/10.1109/FCCM.2012.20,,
2012-06-01-dynamic-binary-rewriting-migration-summary.md,yes,conferences,2012-06-01,"Dynamic binary rewriting and migration for shared-ISA asymmetric, multicore processors: summary",International Symposium on High-Performance Parallel and Distributed Computing (HPDC),https://doi.org/10.1145/2287076.2287096,,
2012-06-01-epc-power-instrumentation-controller.md,yes,manuscripts,2012-06-01,EPC: a power instrumentation controller for embedded applications,SIGBED Review,https://doi.org/10.1145/2318836.2318841,,
2012-06-01-myrmics-allocator.md,yes,manuscripts,2012-06-01,"The Myrmics Memory Allocator: Hierarchical, Message-Passing Allocation for Global Address Spaces",SIGPLAN Notices,https://doi.org/10.1145/2426642.2259001,,
2012-08-01-bddt-task-parallelism-journal.md,yes,manuscripts,2012-08-01,BDDT: Block-Level Dynamic Dependence Analysis for Deterministic Task-Based Parallelism,SIGPLAN Notices,https://doi.org/10.1145/2370036.2145864,,
2012-08-31-europar-gpu-accelerators.md,yes,volumes,2012-08-31,Topic 16: GPU and Accelerators Computing,International European Conference on Parallel Processing (EuroPar),https://doi.org/10.1007/978-3-642-32820-6_84,,
2012-09-01-deterministic-task-parallelism.md,yes,conferences,2012-09-01,Inference and Declaration of Independence: Impact on Deterministic Task Parallelism,International Conference on Parallel Architectures and Compilation Techniques (PACT),https://doi.org/10.1145/2370816.2370892,,
2012-09-01-numa-thread-placement.md,yes,manuscripts,2012-09-01,Critical Path-Based Thread Placement for NUMA Systems,SIGMETRICS Performance Evaluation Review,https://doi.org/10.1145/2381056.2381079,,
2012-10-01-btl-memory-energy.md,yes,conferences,2012-10-01,BTL: A Framework for Measuring and Modeling Energy in Memory Hierarchies,International Symposium on Computer ARchitecture and High-Performance Computing (SBAC-PAD),https://doi.org/10.1109/SBAC-PAD.2012.38,,
2012-10-01-gpu-distributed-raid.md,yes,conferences,2012-10-01,On the Use of GPUs in Realizing Cost-Effective Distributed RAID,"IEEE International Symposium on Modling, Analysis, and Simulation of Computer and Telecommunication Systems (MASCOTS)",https://doi.org/10.1109/MASCOTS.2012.59,,
2012-11-01-numa-model-based-optimization.md,yes,conferences,2012-11-01,"Model-based, Memory-centric Performance and Power Optimization on NUMA Multiprocessors",IEEE International Symposium on Workload Characterization (IISWC),https://doi.org/10.1109/IISWC.2012.6402921,,
2012-12-01-cache-integrated-network-interfaces-cmps.md,yes,manuscripts,2012-12-01,Cache-Integrated Network Interfaces: Flexible On-Chip Communication and Synchronization for Large-Scale CMPs,International Journal of Parallel Programming,https://doi.org/10.1007/s10766-011-0173-6,,
2013-01-01-energy-efficient-resource-management.md,yes,manuscripts,2013-01-01,Strategies for Energy-Efficient Resource Management of Hybrid Programming Models,IEEE Transactions on Parallel and Distributed Systems,https://doi.org/10.1109/TPDS.2012.95,,
2013-01-01-europar-support-tools.md,yes,volumes,2013-01-01,Topic 1: Support Tools and Environments,International European Conference on Parallel Processing (EuroPar),,,missing recommended 'paperurl'
2013-01-01-overcoming-scalability-challenges-contagion-simulations.md,yes,techreports,2013-01-01,Overcoming the scalability challenges of contagion simulations on Blue Waters,"Technical Report 13-057, NDSSL, Virginia Bioinformatics Institute",,,missing recommended 'paperurl'
2013-02-01-fast-dynamic-binary-rewriting-cosmic.md,yes,workshops,2013-02-01,Fast dynamic binary rewriting to support thread migration in shared-ISA asymmetric multicores,International Workshop on Code OptimiSation for MultI and Many Cores (COSMIC),https://doi.org/10.1145/2446920.2446924,,
2013-02-27-parallel-programming-encyclopedia.md,yes,bookchapters,2013-02-27,Parallel Programming,Encyclopedia of Software Engineering,,,missing recommended 'paperurl'
2013-03-01-modeling-algorithms-scalable-energy-efficient.md,yes,bookchapters,2013-03-01,Modeling and Algorithms for Scalable and Energy Efficient Execution on Multicore Systems,Scalable Computing and Communications: Theory and Practice,,,missing recommended 'paperurl'
2013-03-01-parallel-energy-pdp.md,yes,keynotes,2013-03-01,Connecting the Dots between Parallel Programming and Energy,"Euromicro International Conference on Parallel, Distributed and Network-Based Computing (PDP)",https://pure.qub.ac.uk/en/publications/connecting-the-dots-between-parallel-programming-and-energy,,
2013-06-01-task-lifetime-prefetching.md,yes,conferences,2013-06-01,Prefetching and Cache Management Using Task Lifetimes,ACM International Conference on Supercomputing (ICS),https://doi.org/10.1145/2464996.2465443,,
2013-09-01-bddt-task-parallelism-springer.md,yes,conferences,2013-09-01,BDDT: Block-Level Dynamic Dependence Analysis for Task-Based Parallelism,"Advanced Parallel Processing Technologies, Springer Berlin Heidelberg",https://doi.org/10.1007/978-3-642-45293-2_2,,
2013-09-01-drasync-distributed-memory-allocation.md,yes,conferences,2013-09-01,DRASync: distributed region-based memory allocation and synchronization,European MPI Users Group Meeting (EuroMPI),https://doi.org/10.1145/2488551.2488558,,
2013-09-01-programming-energy-efficiency-hpc-systems.md,yes,keynotes,2013-09-01,Programming the Energy Efficiency of High Performance Computing Systems,International Conference on Energy-Aware High Performance Computing,https://pureadmin.qub.ac.uk/ws/portalfiles/portal/11115864/enahpc_keynote.pdf,,
2013-11-01-hyperqueues-pipeline-parallelism.md,yes,conferences,2013-11-01,Deterministic Scale-Free Pipeline Parallelism with Hyperqueues,"International Conference for High Performance Computing, Networking, Storage, and Analysis (SC)",https://doi.org/10.1145/2503210.2503233,,
2013-12-01-dependence-tracking-task-dataflow.md,yes,manuscripts,2013-12-01,Analysis of Dependence Tracking Algorithms for Task Dataflow Execution,ACM Transactions on Architecture and Code Optimization,https://doi.org/10.1145/2541228.2555316,,
2014-01-01-ccgrid-message.md,yes,volumes,2014-01-01,"Proceedings of the 14th IEEE/ACM International Symposium on Cluster, Cloud and Internet Computing (CCGrid)","IEEE/ACM International Symposium on Cluster, Cloud, and Internet Computing",https://doi.org/10.1109/CCGrid.2014.5,,
2014-04-01-nanostreams-hipeac.md,yes,magazines,2014-04-01,NanoStreams: A Hardware and Software Stack for Real-Time Analytics on Fast Data Streams,"HiPEAC Info, Volume 38",https://pure.qub.ac.uk/en/publications/nanostreams-a-hardware-and-software-stack-for-real-time-analytics,,
2014-05-01-epidemic-scalability-bluewaters.md,yes,conferences,2014-05-01,Overcoming the Scalability Challenges of Epidemic Simulations on Blue Waters,IEEE International Parallel and Distributed Processing Symposium (IPDPS),https://doi.org/10.1109/IPDPS.2014.83,,
2014-05-01-scalable-black-box-prediction-models-numa.md,yes,manuscripts,2014-05-01,Scalable black-box prediction models for multi-dimensional adaptation on NUMA multi-cores,"International Journal of Parallel, Emergent and Distributed Systems",https://doi.org/10.1080/17445760.2014.895346,,
2014-06-01-fpga-prototyping-manycore-formic.md,yes,manuscripts,2014-06-01,FPGA prototyping of emerging manycore architectures for parallel programming research using Formic boards,Journal of Systems Architecture,https://doi.org/10.1016/j.sysarc.2014.03.002,,
2014-07-01-energy-efficiency-significance-based-computing.md,yes,manuscripts,2014-07-01,Energy Efficiency through Significance-Based Computing,IEEE Computer,https://doi.org/10.1109/MC.2014.182,,
2014-07-01-fast-dynamic-binary-rewriting.md,yes,conferences,2014-07-01,Fast Dynamic Binary Rewriting for flexible thread migration on shared-ISA heterogeneous MPSoCs,"International Conference on Embedded Computer Systems: Architectures, Modeling, and Simulation (SAMOS)",https://doi.org/10.1109/SAMOS.2014.6893207,,
2014-09-04-microservers-hpc.md,yes,invited,2014-09-04,The Challenges and Opportunities of Micro-Servers in the HPC Ecosystem,"Workshop on Clusters, Clouds, and Data for Scientific Computing (CCDSC)","https://www.qub.ac.uk/sites/CCDCS14/FileStore/Filetoupload,442317,en.pdf",,
2014-10-01-nanostreams-advancing-hardware-software.md,yes,conferences,2014-10-01,NanoStreams: Advancing the hardware and software stack for real-time analytics on fast data streams,eChallenges e-2014 Conference,https://ieeexplore.ieee.org/abstract/document/7058143,,
2014-10-01-power-capped-dvfs-thread-allocation.md,yes,conferences,2014-10-01,Power-capped DVFS and thread allocation with ANN models on modern NUMA systems,IEEE International Conference on Computer Design (ICCD),https://doi.org/10.1109/ICCD.2014.6974701,,
2014-11-01-distributed-region-based-memory-allocation.md,yes,manuscripts,2014-11-01,Distributed region-based memory allocation and synchronization,The International Journal of High Performance Computing Applications,https://doi.org/10.1177/1094342014552863,,
2014-11-01-hybrid-address-spaces-methodology.md,yes,manuscripts,2014-11-01,Hybrid address spaces: A methodology for implementing scalable high-level programming models on non-coherent many-core architectures,Journal of Systems and Software,https://doi.org/10.1016/j.jss.2014.06.058,,
2014-11-01-viability-microservers-financial-analytics.md,yes,workshops,2014-11-01,On the Viability of Microservers for Financial Analytics,Workshop on High Performance Computational Finance (WHPCF),https://doi.org/10.1109/WHPCF.2014.11,,
2014-11-16-e2sc.md,yes,volumes,2014-11-16,Proceedings of the 2nd International Workshop on Energy Efficient Supercomputing,"International Conference for High Performance Computing, Networking, Storage and Analysis (SC)",https://dl.acm.org/doi/proceedings/10.5555/2689710,,
2014-12-01-cactos-cloud-vision.md,yes,conferences,2014-12-01,The CACTOS Vision of Context-Aware Cloud Topology Optimization and Simulation,IEEE International Conference on Cloud Computing Technology and Science (CloudCom),https://doi.org/10.1109/CloudCom.2014.62,,
2014-12-10-power-modelling-capping-heterogeneous-socs.md,yes,conferences,2014-12-10,Power modelling and capping for heterogeneous ARM/FPGA SoCs,International Conference on Field-Programmable Technology (FPT),https://doi.org/10.1109/FPT.2014.7082782,,
2015-01-01-guest-editorial-energy-efficient-computing-adaptive.md,yes,volumes,2015-01-01,Special Issue: Energy efficient computing with adaptive and heterogeneous architectures,IET Computers & Digital Techniques,,,missing recommended 'paperurl'
2015-01-01-power-energy-implications-threads-xeon-phi.md,yes,conferences,2015-01-01,Power and Energy Implications of the Number of Threads Used on the Intel Xeon Phi. Multicore and GPU Programming,Congress of GPU Programming,,,missing recommended 'paperurl'
2015-01-01-power-energy-xeon-phi-threads.md,yes,manuscripts,2015-01-01,Power and energy implications of the number of threads used on the Intel Xeon Phi,Annals of Multicore and GPU Programming (AMGP),,,missing recommended 'paperurl'
2015-01-01-programming-managing-resources-accelerator.md,yes,techreports,2015-01-01,Programming and Managing Resources on Accelerator-Enabled Clusters,"Department of Computer Science, Virginia Tech",,,missing recommended 'paperurl'
2015-01-01-realizing-accelerated-cost-effective-raid.md,yes,bookchapters,2015-01-01,Realizing Accelerated Cost-Effective Distributed RAID,Handbook on Data Centers,https://doi.org/10.1007/978-1-4939-2092-1_25,,
2015-01-01-tprof-energy-profiler.md,yes,manuscripts,2015-01-01,TProf: An Energy Profiler for Task-Parallel Programs,Sustainable Computing: Informatics and Systems,https://doi.org/10.1016/j.suscom.2014.07.004,,
2015-02-01-significance-aware-model-conference.md,yes,conferences,2015-02-01,A Programming Model and Runtime System for Significance-Aware Energy-Efficient Computing,ACM SIGPLAN Symposium on Principles and Practice of Parallel Programming (PPoPP),https://doi.org/10.1145/2688500.2688546,,
2015-05-01-hybrid-dram-nvm-memory.md,yes,conferences,2015-05-01,Software-Managed Energy-Efficient Hybrid DRAM/NVM Main Memory,ACM International Conference on Computing Frontiers (CF),https://doi.org/10.1145/2742854.2742886,,
2015-05-01-lightweight-tool-anomaly.md,yes,conferences,2015-05-01,A Lightweight Tool for Anomaly Detection in Cloud Data Centres,International Conference on Cloud Computing and Services Science (CLOSER),https://doi.org/10.5220/0005453403430351,,
2015-05-01-significance-driven-hpc.md,yes,manuscripts,2015-05-01,On the Potential of Significance-Driven Execution for Energy-Aware HPC,Computer Science - R&D,https://doi.org/10.1007/s00450-014-0265-9,,
2015-05-18-significance-driven-programming-framework.md,yes,conferences,2015-05-18,A significance-driven programming framework for energy-constrained approximate computing,ACM International Conference on Computing Frontiers (CF),https://doi.org/10.1145/2742854.2742857,,
2015-06-01-hybrid-memory-datastores.md,yes,workshops,2015-06-01,Energy-Efficient In-Memory Data Stores on Hybrid Memory Hierarchies,International Workshop on Data Management on New Hardware (DAMON),https://doi.org/10.1145/2771937.2771940,,
2015-07-01-energy-efficiency-byte-addressable-nvm.md,yes,manuscripts,2015-07-01,On the Energy-Efficiency of Byte-Addressable Non-Volatile Memory,IEEE Computer Architecture Letters,https://doi.org/10.1109/LCA.2014.2355195,,
2015-08-01-significance-aware-model-journal.md,yes,manuscripts,2015-08-01,A Programming Model and Runtime System for Significance-Aware Energy-Efficient Computing,SIGPLAN Notices,https://doi.org/10.1145/2858788.2688546,,
2015-08-24-automated-cloud-simulation-models.md,yes,conferences,2015-08-24,Towards automated data-driven model creation for cloud computing simulation,International Conference on Simulation Tools and Techniques (SIMUTools),https://doi.org/10.4108/eai.24-8-2015.2261129,,
2015-09-01-hybrid-dram-nvm.md,yes,conferences,2015-09-01,Energy-Efficient Hybrid DRAM/NVM Main Memory,International Conference on Parallel Architectures and Compilation Techniques (PACT),https://doi.org/10.1109/PACT.2015.58,,
2015-09-01-iso-quality-service-ranking-servers.md,yes,manuscripts,2015-09-01,Iso-Quality of Service: Fairly Ranking Servers for Real-Time Data Analytics,Parallel Processing Letters,https://doi.org/10.1142/S0129626415410042,,
2015-10-01-alea-energy-profiling.md,yes,conferences,2015-10-01,ALEA: Fine-Grain Energy Profiling with Basic Block Sampling,International Conference on Parallel Architecture and Compilation Techniques (PACT),https://doi.org/10.1109/PACT.2015.16,,
2015-10-01-hpmc-memory-systems.md,yes,conferences,2015-10-01,HpMC: An Energy-aware Management System of Multi-level Memory Architectures,International Symposium on Memory Systems (MEMSYS),https://doi.org/10.1145/2818950.2818974,,
2015-10-01-openmpe-energy-awareness.md,yes,workshops,2015-10-01,Application-Level Energy Awareness for OpenMP,"OpenMP: Heterogenous Execution and Data Movements, Springer International Publishing",https://doi.org/10.1007/978-3-319-24595-9_16,,
2015-10-20-energy-efficient-hybrid-dram-nvm-poster.md,yes,posters,2015-10-20,Energy-Efficient Hybrid DRAM/NVM Main Memory: ACM Student Research Competition,International Conference on Parallel Architectures and Compilation Techniques (PACT) - ACM Student Research Competition,https://ieeexplore.ieee.org/document/7429336/,,
2015-11-01-e2sc-proceedings-energy-efficient-supercomputing.md,yes,volumes,2015-11-01,Proceedings of the 3rd International Workshop on Energy Efficient Supercomputing,"International Conference on High-Performance Computing, Networking, Storage and Analysis (SC) Workshops",https://doi.org/10.1145/2834800,,
2015-12-01-power-capping-lessons.md,yes,conferences,2015-12-01,"Power Capping: What Works, What Does Not",IEEE International Conference on Parallel and Distributed Systems (ICPADS),https://doi.org/10.1109/ICPADS.2015.72,,
2016-01-01-energy-optimization-unreliable-hardware.md,yes,workshops,2016-01-01,Energy Optimization of Parallel Workloads on Unreliable Hardware,WAPCO '16 (HiPEAC Workshop),https://pureadmin.qub.ac.uk/ws/portalfiles/portal/164130712/wapco2016_3_4.pdf,,
2016-01-01-mini-symposium-energy-resilience-parallel-programming.md,yes,volumes,2016-01-01,Proceedings of the Mini-symposium on Energy and Resilience in Parallel Programming,Parallel Computing (Advances in Parallel Computing),https://doi.org/10.3233/978-1-61499-621-7-709,,
2016-01-01-performance-fault-tolerance-preconditioned-solvers.md,yes,conferences,2016-01-01,Performance and Fault Tolerance of Preconditioned Iterative Solvers on Low-Power ARM Architectures,"Parallel Computing: On the Road to Exascale (Advances in Parallel Computing, Vol. 27)",https://doi.org/10.3233/978-1-61499-621-7-711,,
2016-01-20-energy-optimization-parallel-programs-unreliable-hardware.md,yes,workshops,2016-01-20,Energy Optimization of Parallel Programs on Unreliable Hardware,Workshop on Approximate Computing,https://pureadmin.qub.ac.uk/ws/portalfiles/portal/164130712/wapco2016_3_4.pdf,,
2016-02-25-methods-metrics-fair-server-assessment.md,yes,manuscripts,2016-02-25,Methods and metrics for fair server assessment under real-time financial workloads,Concurrency and Computation: Practice and Experience,https://doi.org/10.1002/cpe.3704,,
2016-03-01-computational-significance-resilience-keynote.md,yes,keynotes,2016-03-01,Using Computational Significance and Resilience in System Software Stacks: Keynote Talk,International Workshop on Energy-Aware High Performance Computing,,,missing recommended 'paperurl'
2016-03-01-ecoscale-exascale-runtime.md,yes,conferences,2016-03-01,ECOSCALE: Reconfigurable Computing and Runtime System for Future Exascale Systems,"Design, Automation & Test in Europe Conference & Exhibition (DATE)",https://ieeexplore.ieee.org/document/7459398,,
2016-03-01-evaluating-fault-tolerance-asymmetric-multicore.md,yes,manuscripts,2016-03-01,Evaluating fault tolerance on asymmetric multicore systems-on-chip using iso-metrics,IET Computers & Digital Techniques,https://doi.org/10.1049/iet-cdt.2015.0056,,
2016-03-01-ls-adt-lightweight-scalable-anomaly-detection.md,yes,conferences,2016-03-01,LS-ADT: Lightweight and Scalable Anomaly Detection for Cloud Datacentres,Cloud Computing and Services Science Conference (Springer),https://doi.org/10.1007/978-3-319-29582-4_8,,
2016-03-15-operator-workflow-optimization-high-performance-analytics.md,yes,workshops,2016-03-15,Operator and Workflow Optimization for High-Performance Analytics,International Workshop on Multi-Engine Data Analytics (MEDAL),https://pureadmin.qub.ac.uk/ws/portalfiles/portal/18231163/paper.pdf,,
2016-03-18-scorpio-significance-based-computing-reliability.md,yes,posters,2016-03-18,SCoRPiO: Significance Based Computing for Reliability and Power Optimization,International Symposium on Code Generation and Optimization (CGO),,,missing recommended 'paperurl'
2016-04-01-low-cost-hardware-infrastructure-energy-accounting.md,yes,conferences,2016-04-01,Low-Cost Hardware Infrastructure for Runtime Thread Level Energy Accounting,Architecture of Computing Systems (ARCS),https://doi.org/10.1007/978-3-319-30695-7_21,,
2016-04-01-vineyard-accelerators.md,yes,conferences,2016-04-01,"The VINEYARD Approach: Versatile, Integrated, Accelerator-Based, Heterogeneous Data Centres",Applied Reconfigurable Computing Conference,https://doi.org/10.1007/978-3-319-30481-6_1,,
2016-05-01-twincg-dual-thread-redundancy-conjugate-gradient.md,yes,techreports,2016-05-01,TwinCG: Dual Thread Redundancy with Forward Recovery for Conjugate Gradient Methods,arXiv preprint,https://arxiv.org/abs/1605.04580,,
2016-05-01-varsys-introduction-ipdpsw.md,yes,volumes,2016-05-01,Proceedings of the Workshop on Variability in Computer Systems (VarSys),IEEE International Parallel and Distributed Processing Symposium (IPDPS) Workshops,https://doi.org/10.1109/IPDPSW.2016.239,,
2016-05-01-vineyard-project-versatile-integrated-accelerator.md,yes,conferences,2016-05-01,The VINEYARD project: Versatile integrated accelerator-based heterogeneous data centres,International Conference on Modern Circuits and Systems Technologies (MOCAST),https://doi.org/10.1109/MOCAST.2016.7495121,,
2016-05-14-hpta-library-high-performance-text-analytics.md,yes,techreports,2016-05-14,HPTA: A Library for High-Performance Text Analytics,"Technical Report, School of Electronics, Electrical Engineering and Computer Science, Queens University Belfast",https://d1wqtxts1xzle7.cloudfront.net/70247627/preprint-libre.pdf?1632659357=&response-content-disposition=inline%3B+filename%3DHPTA_High_performance_text_analytics.pdf&Expires=1748459037&Signature=c7m8Uo2YcQm~X-A2mg1LdQxMFHzRsyAgLNHSmkQa3-44ohB-~LIG5Evb~0vpbTbe8~z3FLiLDveHQQIFD6ZVRL4~lDm4DanGOvRUsS7kR3DpRJDHP6SJaVcE~ZHOUQ1vpWZKXGwUqIv-vVIXdZ-roDcrAMs6nhzCmuaFnJx5FaR9a-u3Q1X-apbZFhZ2rEkB0BIRFLncIO7NIE1~bW2fKvGy3BEKcjmsqJlmcNi-gM-~3RAsOMszs6nhtDJkvYmTG8DDjtt0F2RNsUZHr3R9ExGYSFJGSAcXAHXYCRGuVcgBpU0unBdqQTTRuj4d6xhZmENgdZl5bDZDda6EAroQIw__&Key-Pair-Id=APKAJLOHF5GGSLRBV4ZA,,
2016-06-01-bddt-scc-task-parallel-runtime-non-cache-coherent.md,yes,techreports,2016-06-01,BDDT-SCC: A Task-parallel Runtime for Non Cache-Coherent Multicores,arXiv preprint,https://arxiv.org/abs/1606.04288,,
2016-06-01-myrmics-scalable-dependency-aware-task.md,yes,techreports,2016-06-01,"Myrmics: Scalable, Dependency-aware Task Scheduling on Heterogeneous Manycores",arXiv preprint,https://arxiv.org/abs/1606.04282,,
2016-06-01-scalable-runtime-ecoscale-heterogeneous.md,yes,workshops,2016-06-01,A Scalable Runtime for the ECOSCALE Heterogeneous Exascale Hardware Platform,International Workshop on Runtime and Operating Systems for Supercomputers (ROSS),https://doi.org/10.1145/2931088.2931090,,
2016-07-01-brief-announcement-energy-optimization-memory-intensive.md,yes,conferences,2016-07-01,Brief Announcement: Energy Optimization of Memory Intensive Parallel Workloads,ACM Symposium on Parallelism in Algorithms and Architectures (SPAA),https://doi.org/10.1145/2935764.2935811,,
2016-07-01-nanostreams-codesigned-microservers-edge.md,yes,conferences,2016-07-01,NanoStreams: Codesigned microservers for edge analytics in real time,"International Conference on Embedded Computer Systems: Architectures, Modeling and Simulation (SAMOS)",https://doi.org/10.1109/SAMOS.2016.7818346,,
2016-07-01-runtime-adaptive-power-capping.md,yes,conferences,2016-07-01,Runtime support for adaptive power capping on heterogeneous SoCs,"International Conference on Embedded Computer Systems: Architectures, Modeling and Simulation (SAMOS)",https://doi.org/10.1109/SAMOS.2016.7818333,,
2016-08-31-energy-efficient-computing-computational-significance-keynote.md,yes,keynotes,2016-08-31,Energy Efficient Computing using Computational Significance Abstractions: Keynote Talk at the UK-China Workshop on Shaping the Low Carbon Energy Future,UK-China Workshop on Shaping the Low Carbon Energy Future,,,missing recommended 'paperurl'
2016-09-01-student-poster-scalable-graph-processing.md,yes,posters,2016-09-01,Student Research Poster: A Scalable General Purpose System for Large-Scale Graph Processing,International Conference on Parallel Architectures and Compilation (PACT),https://doi.org/10.1145/2967938.2971465,,
2016-09-01-twinpcg-dual-thread-redundancy.md,yes,workshops,2016-09-01,TwinPCG: Dual Thread Redundancy with Forward Recovery for Preconditioned Conjugate Gradient Methods,IEEE International Conference on Cluster Computing (CLUSTER) Workshops,https://doi.org/10.1109/CLUSTER.2016.99,,
2016-09-07-edge-computing-challenges.md,yes,conferences,2016-09-07,Challenges and Opportunities in Edge Computing,IEEE International Conference on Smart Cloud (SmartCloud),https://doi.org/10.1109/SmartCloud.2016.18,,
2016-10-01-significance-aware-approx.md,yes,manuscripts,2016-10-01,Exploiting Significance of Computations for Energy-Constrained Approximate Computing,International Journal of Parallel Programming,https://doi.org/10.1007/s10766-016-0409-6,,
2016-10-15-accelerating-datacenter-applications-reconfigurable-dataflow.md,yes,workshops,2016-10-15,Accelerating Data Center Applications with Reconfigurable DataFlow Engines,Second International Workshop on Heterogeneous High-performance Reconfigurable Computing (H2RC),http://h2rc.cse.sc.edu/,,
2016-12-01-big-data-availability-selective-partial-checkpointing.md,yes,workshops,2016-12-01,Big data availability: Selective partial checkpointing for in-memory database queries,IEEE International Conference on Big Data (Big Data) Workshops,https://doi.org/10.1109/BigData.2016.7840926,,
2016-12-01-hpta-high-performance-text-analytics.md,yes,workshops,2016-12-01,HPTA: High-performance text analytics,IEEE International Conference on Big Data (Big Data) Workshops,https://doi.org/10.1109/BigData.2016.7840632,,
2016-12-01-scalable-composable-map-reduce-system.md,yes,workshops,2016-12-01,A scalable and composable map-reduce system,IEEE International Conference on Big Data (Big Data),https://doi.org/10.1109/BigData.2016.7840854,,
2016-12-01-special-issue-disruptive-technologies-energy-efficient.md,yes,volumes,2016-12-01,Special issue on Disruptive Technologies for Energy Efficient Computing,Sustainable Computing: Informatics and Systems,https://doi.org/10.1016/j.suscom.2016.11.005,,
2016-12-02-energy-efficient-error-resilient-server-ecosystem.md,yes,workshops,2016-12-02,An Energy-Efficient and Error-Resilient Server Ecosystem Exceeding Conservative Scaling Limits,Workshop on Energy-efficient Servers for Cloud and Edge Computing (EnESCE 2017),https://pureadmin.qub.ac.uk/ws/portalfiles/portal/137861716/ENeSCE_2017_paper_8.pdf,,
2017-01-01-edge-as-a-service.md,yes,conferences,2017-01-01,Edge-as-a-Service: Towards Distributed Cloud Architectures,"Advances in Parallel Computing, Volume 32: Parallel Computing is Everywhere",https://doi.org/10.3233/978-1-61499-843-3-784,,
2017-01-01-programming-managing-accelerator-enabled-clusters.md,yes,bookchapters,2017-01-01,Programming and Managing Resources on Accelerator-Enabled Clusters,Programming multi‐core and many‐core computing systems,https://doi.org/10.1002/9781119332015.ch20,,
2017-01-23-heterogeneous-servers-programmable-cores-dataflow.md,yes,workshops,2017-01-23,Heterogeneous Servers based on Programmable Cores and Dataflow Engines,Workshop on Energy-efficient Servers for Cloud and Edge Computing (EnESCE),https://pureadmin.qub.ac.uk/ws/portalfiles/portal/123397592/HiPEAC_ESCEC_2016.pdf,,
2017-03-01-alea-energy-profiling.md,yes,manuscripts,2017-03-01,ALEA: A Fine-Grained Energy Profiling Tool,ACM Transactions on Architecture and Code Optimization,https://doi.org/10.1145/3050436,,
2017-04-01-myminder-intercloud-migration.md,yes,conferences,2017-04-01,MyMinder: A User-centric Decision Making Framework for Intercloud Migration,International Conference on Cloud Computing and Services Science (CLOSER),https://doi.org/10.5220/0006355905880595,,
2017-04-07-managed-acceleration-inmemory-database-workloads.md,yes,manuscripts,2017-04-07,Managed acceleration for In-Memory database analytic workloads,"International Journal of Parallel, Emergent and Distributed Systems",https://doi.org/10.1080/17445760.2016.1170832,,
2017-05-01-dependency-aware-rollback-checkpoint-restart.md,yes,techreports,2017-05-01,Dependency-Aware Rollback and Checkpoint-Restart for Distributed Task-Based Runtimes,arXiv preprint,https://arxiv.org/abs/1705.10208,,
2017-06-01-graphgrind-load-imbalance.md,yes,conferences,2017-06-01,GraphGrind: Addressing Load Imbalance of Graph Partitioning,ACM International Conference on Supercomputing (ICS),https://doi.org/10.1145/3079079.3079097,,
2017-07-01-access-aware-dram-failure-rate.md,yes,conferences,2017-07-01,Access-aware DRAM failure-rate estimation under relaxed refresh operations,"International Conference on Embedded Computer Systems: Architectures, Modeling, and Simulation (SAMOS)",https://doi.org/10.1109/SAMOS.2017.8344643,,
2017-07-01-dram-refresh-stencil.md,yes,conferences,2017-07-01,Relaxing DRAM Refresh Rate through Access Pattern Scheduling: A Case Study on Stencil-Based Algorithms,IEEE International Symposium on On-Line Testing and Robust System Design (IOLTS),https://doi.org/10.1109/IOLTS.2017.8046197,,
2017-08-01-graph-analytics-locality.md,yes,conferences,2017-08-01,Accelerating Graph Analytics by Utilising the Memory Locality of Graph Partitioning,International Conference on Parallel Processing (ICPP),https://doi.org/10.1109/ICPP.2017.27,,
2017-09-01-energy-efficiency-armv8-microservers.md,yes,conferences,2017-09-01,Energy Efficiency in ARMv8-based Microservers by Hardware Margins Identification,ARM Research Summit,https://pure.qub.ac.uk/en/publications/energy-efficiency-in-armv8-based-microservers-by-hardware-margins,,
2017-09-01-incremental-training-deep-cnns.md,yes,workshops,2017-09-01,Incremental Training of Deep Convolutional Neural Networks,"International Workshop on Automatic Selection, Configuration and Composition of Machine Learning Algorithms",https://arxiv.org/abs/1803.10232,,
2017-09-01-reliability-aware-system-software-arm.md,yes,conferences,2017-09-01,Reliability-Aware System Software Support on ARM Microservers,ARM Research Summit,https://pure.qub.ac.uk/en/publications/reliability-aware-system-software-support-on-arm-microservers,,
2017-09-01-taxonomy-task-based-technologies-hpc.md,yes,conferences,2017-09-01,A Taxonomy of Task-Based Technologies for High Performance Computing,International Conference on Parallel Processing and Applied Mathematics (PPAM),https://doi.org/10.1007/978-3-319-78054-2_25,,
2017-10-01-gvirtus-gpu-remoting.md,yes,manuscripts,2017-10-01,On the Virtualization of CUDA Based GPU Remoting on ARM and X86 Machines in the GVirtuS Framework,International Journal of Parallel Programming,https://doi.org/10.1007/s10766-016-0462-1,,
2017-11-01-energy-efficient-transprecision-techniques.md,yes,posters,2017-11-01,Energy-Efficient Transprecision Techniques for Iterative Refinement,"International Conference on High Performance Computing, Networking, Storage and Analysis (SC) Posters",https://pureadmin.qub.ac.uk/ws/portalfiles/portal/135660665/sc_poster_draft_final.pdf,,
2017-11-01-refine-fault-injection.md,yes,conferences,2017-11-01,"REFINE: Realistic Fault Injection via Compiler-Based Instrumentation for Accuracy, Portability and Speed","Proceedings of the International Conference for High Performance Computing, Networking, Storage and Analysis (SC)",https://doi.org/10.1145/3126908.3126972,,
2017-11-02-fish-fraud-reims.md,yes,manuscripts,2017-11-02,A Real Time Metabolomic Profiling Approach to Detecting Fish Fraud Using Rapid Evaporative Ionisation Mass Spectrometry,Metabolomics,https://doi.org/10.1007/s11306-017-1291-y,,
2017-12-01-error-resilient-server-ecosystems.md,yes,manuscripts,2017-12-01,Error-Resilient Server Ecosystems for Edge and Cloud Datacenters,IEEE Computer,https://doi.org/10.1109/MC.2017.4451208,,
2017-12-01-fairgv-gpu-virtualization.md,yes,manuscripts,2017-12-01,FairGV: Fair and Fast GPU Virtualization,IEEE Transactions on Parallel and Distributed Systems,https://doi.org/10.1109/TPDS.2017.2717908,,
2017-12-01-scalo-parallelism-orchestration.md,yes,manuscripts,2017-12-01,SCALO: Scalability-Aware Parallelism Orchestration for Multi-Threaded Workloads,ACM Transactions on Architecture and Code Optimization,https://doi.org/10.1145/3158643,,
2018-01-01-dare-data-access-aware-refresh.md,yes,manuscripts,2018-01-01,DARE: Data-Access Aware Refresh via spatial-temporal application resilience on commodity servers,The International Journal of High Performance Computing Applications,https://doi.org/10.1177/1094342017718612,,
2018-01-01-docker-swarm-user-centric-decision-framework.md,yes,conferences,2018-01-01,Using Docker Swarm with a User-Centric Decision-Making Framework for Cloud Application Migration,Cloud Computing and Service Science,https://doi.org/10.1007/978-3-319-94959-8_5,,
2018-01-01-minisymposium-edge-computing.md,yes,volumes,2018-01-01,Proceedings of the MiniSymposium on Edge Computing,Parallel Computing is Everywhere,https://ebooks.iospress.nl/pdf/doi/10.3233/978-1-61499-843-3-783,,
2018-01-01-power-modelling-heterogeneous-cloud-edge.md,yes,conferences,2018-01-01,Power Modelling for Heterogeneous Cloud-Edge Data Centers,"Parallel Computing is Everywhere (Advances in Parallel Computing, Vol. 32)",https://doi.org/10.3233/978-1-61499-843-3-804,,
2018-02-01-new-approaches-memory-reliability-big-data.md,yes,invited,2018-02-01,New Approaches to Memory Reliability Management for Big Data Workloads,SIAM Conference on Parallel Processing for Scientific Computing,,,missing recommended 'paperurl'
2018-03-01-energy-efficient-server-ecosystem.md,yes,conferences,2018-03-01,An Energy-Efficient and Error-Resilient Server Ecosystem Exceeding Conservative Scaling Limits,"Design, Automation & Test in Europe Conference & Exhibition (DATE)",https://doi.org/10.23919/DATE.2018.8342175,,
2018-03-01-incremental-training-cnn.md,yes,techreports,2018-03-01,Incremental Training of Deep Convolutional Neural Networks,arXiv preprint,https://arxiv.org/abs/1803.10232,,
2018-03-01-taxonomy-task-based-technologies-hpc.md,yes,conferences,2018-03-01,A Taxonomy of Task-Based Technologies for High-Performance Computing,Parallel Processing and Applied Mathematics (PPAM),https://doi.org/10.1007/978-3-319-78054-2_25,,
2018-03-01-transprecision-computing.md,yes,conferences,2018-03-01,"The Transprecision Computing Paradigm: Concept, Design, and Applications","Design, Automation & Test in Europe Conference & Exhibition (DATE)",https://doi.org/10.23919/DATE.2018.8342176,,
2018-04-01-task-taxonomy-hpc.md,yes,manuscripts,2018-04-01,A Taxonomy of Task-Based Parallel Programming Technologies for High-Performance Computing,The Journal of Supercomputing,https://doi.org/10.1007/s11227-018-2238-4,,
2018-04-01-welcome-general-chairs-ispass.md,yes,volumes,2018-04-01,Proceedings of the IEEE International Symposium on Performance Analysis of Systems and Software (ISPASS),IEEE International Symposium on Performance Analysis of Systems and Software (ISPASS),https://doi.org/10.1109/ISPASS.2018.00005,,
2018-05-01-intra-node-gpu-coscheduling.md,yes,manuscripts,2018-05-01,Intra-Node Memory Safe GPU Co-Scheduling,IEEE Transactions on Parallel and Distributed Systems,https://doi.org/10.1109/TPDS.2017.2784428,,
2018-06-01-energy-efficient-localised-rollback.md,yes,techreports,2018-06-01,Energy-efficient localised rollback after failures via data flow analysis,arXiv preprint,https://arxiv.org/abs/1806.01611,,
2018-06-01-gpu-virtualization-survey.md,yes,manuscripts,2018-06-01,GPU Virtualization and Scheduling Methods: A Comprehensive Survey,ACM Computing Surveys,https://doi.org/10.1145/3068281,,
2018-06-01-vebo-vertex-edge-balanced-ordering.md,yes,techreports,2018-06-01,VEBO: A Vertex-and Edge-Balanced Ordering Heuristic to Load Balance Parallel Graph Processing,arXiv preprint,https://arxiv.org/abs/1806.06576,,
2018-07-01-characterization-hpc-workloads-armv8.md,yes,conferences,2018-07-01,Characterization of HPC workloads on an ARMv8 based server under relaxed DRAM refresh and thermal stress,"International Conference on Embedded Computer Systems: Architectures, Modeling, and Simulation (SAMOS)",https://doi.org/10.1145/3229631.3236091,,
2018-07-01-dram-characterization-relaxed-refresh.md,yes,conferences,2018-07-01,DRAM Characterization under Relaxed Refresh Period Considering System Level Effects within a Commodity Server,IEEE International Symposium on On-Line Testing And Robust System Design (IOLTS),https://doi.org/10.1109/IOLTS.2018.8474184,,
2018-07-01-minimization-timing-failures-pipelined-designs.md,yes,conferences,2018-07-01,Minimization of Timing Failures in Pipelined Designs via Path Shaping and Operand Truncation,IEEE International Symposium on On-Line Testing And Robust System Design (IOLTS),https://doi.org/10.1109/IOLTS.2018.8474084,,
2018-07-01-nanostreams-microserver-architecture.md,yes,manuscripts,2018-07-01,NanoStreams: A Microserver Architecture for Real-Time Analytics on Fast Data Streams,IEEE Transactions on Multi-Scale Computing Systems,https://doi.org/10.1109/TMSCS.2017.2764087,,
2018-07-01-vineyard-integrated-framework-accelerators.md,yes,conferences,2018-07-01,The VINEYARD integrated framework for hardware accelerators in the cloud,"18th International Conference on Embedded Computer Systems: Architectures, Modeling, and Simulation (SAMOS)",https://doi.org/10.1145/3229631.3236093,,
2018-07-23-variation-aware-pipelined-cores.md,yes,conferences,2018-07-23,Variation-Aware Pipelined Cores through Path Shaping and Dynamic Cycle Adjustment: Case Study on a Floating-Point Unit,International Symposium on Low Power Electronics and Design (ISLPED),https://doi.org/10.1145/3218603.3218617,,
2018-09-01-expediting-database-performance-respiratory.md,yes,manuscripts,2018-09-01,Expediting assessments of database performance for streams of respiratory parameters,Computers in Biology and Medicine,https://doi.org/10.1016/j.compbiomed.2018.05.028,,
2018-09-01-supporting-cloud-iaas-performance-violation-detection.md,yes,conferences,2018-09-01,Supporting Cloud IaaS Users in Detecting Performance-Based Violation for Streaming Applications,2018 IEEE International Conference on Autonomic Computing (ICAC),https://doi.org/10.1109/ICAC.2018.00027,,
2018-09-24-energy-efficient-localised-rollback.md,yes,conferences,2018-09-24,Energy-efficient localised rollback via data flow analysis and frequency scaling,European MPI Users' Group Meeting (EuroMPI),https://doi.org/10.1145/3236367.3236379,,
2018-10-01-cluster18-proceedings.md,yes,volumes,2018-10-01,Proceedings: 2018 IEEE International Conference on Cluster Computing (CLUSTER),IEEE CLUSTER 2018,https://ieeexplore.ieee.org/xpl/conhome/8511027/proceeding,,
2018-11-01-rads-real-time-anomaly-detection.md,yes,techreports,2018-11-01,RADS: Real-time Anomaly Detection System for Cloud Data Centres,arXiv preprint,https://arxiv.org/abs/1811.04481,,
2018-11-01-rads-realtime-anomaly.md,yes,techreports,2018-11-01,RADS: Real-time Anomaly Detection System for Cloud Data Centres,arXiv preprint,https://arxiv.org/abs/1811.04481,,
2018-12-01-code-data-transformations-garbage-collector.md,yes,conferences,2018-12-01,Code and Data Transformations to Address Garbage Collector Performance in Big Data Processing,IEEE International Conference on High Performance Computing (HiPC),https://doi.org/10.1109/HiPC.2018.00040,,
2018-12-01-dynamic-precision-refinement.md,yes,manuscripts,2018-12-01,Energy-Efficient Iterative Refinement Using Dynamic Precision,IEEE Journal on Emerging and Selected Topics in Circuits and Systems,https://doi.org/10.1109/JETCAS.2018.2850665,,
2018-12-01-userspace-hypervisor-data-characterization.md,yes,conferences,2018-12-01,Userspace Hypervisor Data Characterization in Virtualized Environment,IEEE International Conference on Parallel and Distributed Systems (ICPADS),https://doi.org/10.1109/PADSW.2018.8644612,,
2019-01-01-bio-inspired-growth-computational-design.md,yes,conferences,2019-01-01,Bio-Inspired Growth: Introducing Emergence into Computational Design,"Advances in Manufacturing Technology XXXIII (Advances in Transdisciplinary Engineering, Vol. 9)",https://doi.org/10.3233/ATDE190067,,
2019-01-01-design-gene-representations-emergent-design.md,yes,conferences,2019-01-01,Design Gene Representations for Emergent Innovative Design,"Advances in Manufacturing Technology XXXIII (Advances in Transdisciplinary Engineering, Vol. 9)",https://doi.org/10.3233/ATDE190068,,
2019-01-01-shimmer-heterogeneous-reliability-dram.md,yes,manuscripts,2019-01-01,Shimmer: Implementing a Heterogeneous-Reliability DRAM Framework on a Commodity Server,IEEE Computer Architecture Letters,https://doi.org/10.1109/LCA.2019.2893189,,
2019-01-01-smartmaas-framework-smart-manufacturing.md,yes,conferences,2019-01-01,SmartMaaS: A Framework for Smart Manufacturing-as-a-Service,"Advances in Manufacturing Technology XXXIII (Advances in Transdisciplinary Engineering, Vol. 9)",https://doi.org/10.3233/ATDE190005,,
2019-02-16-vebo-balanced-ordering-heuristic.md,yes,conferences,2019-02-16,VEBO: a vertex- and edge-balanced ordering heuristic to load balance parallel graph processing,ACM SIGPLAN Symposium on Principles and Practice of Parallel Programming (PPoPP),https://doi.org/10.1145/3293883.3295703,,
2019-03-01-significance-driven-data-truncation.md,yes,manuscripts,2019-03-01,Significance-Driven Data Truncation for Preventing Timing Failures,IEEE Transactions on Device and Materials Reliability,https://doi.org/10.1109/TDMR.2019.2898949,,
2019-05-01-safire-fault-injection.md,yes,conferences,2019-05-01,SAFIRE: Scalable and Accurate Fault Injection for Parallel Multithreaded Applications,IEEE International Parallel and Distributed Processing Symposium (IPDPS),https://doi.org/10.1109/IPDPS.2019.00097,,
2019-07-01-tapas-accuracy-predictor.md,yes,conferences,2019-07-01,TAPAS: Train-Less Accuracy Predictor for Architecture Search,AAAI Conference on Artificial Intelligence,https://doi.org/10.1609/aaai.v33i01.33013927,,
2019-09-01-implementing-efficient-message-logging.md,yes,conferences,2019-09-01,Implementing efficient message logging protocols as MPI application extensions,European MPI Users' Group Meeting (EuroMPI),https://doi.org/10.1145/3343211.3343219,,
2019-11-01-fast-energy-efficient-olap-hybrid-memory.md,yes,manuscripts,2019-11-01,Fast and Energy-Efficient OLAP Data Management on Hybrid Main Memory Systems,IEEE Transactions on Computers,https://doi.org/10.1109/TC.2019.2919287,,
2019-11-01-hyperqueues-deterministic-concurrent-queues.md,yes,manuscripts,2019-11-01,Hyperqueues: Design and Implementation of Deterministic Concurrent Queues,ACM Transactions on Parallel Computing (TOPC),https://doi.org/10.1145/3365660,,
2019-11-01-workload-aware-dram-errors.md,yes,conferences,2019-11-01,Workload-Aware DRAM Error Prediction using Machine Learning,IEEE International Symposium on Workload Characterization (IISWC),https://doi.org/10.1109/IISWC47752.2019.9041963,,
2020-01-01-droidlight-intrusion-detection.md,yes,conferences,2020-01-01,DroidLight: Lightweight Anomaly-Based Intrusion Detection System for Smartphone Devices,International Conference on Distributed Computing and Networking,https://doi.org/10.1145/3369740.3369796,,
2020-01-01-fast-load-balance-parallel-graph-analytics.md,yes,manuscripts,2020-01-01,Fast load balance parallel graph analytics with an automatic graph data structure selection algorithm,Future Generation Computer Systems,https://doi.org/10.1016/j.future.2020.06.005,,
2020-01-01-feasibility-fog-computing.md,yes,bookchapters,2020-01-01,Feasibility of Fog Computing,"Handbook of Integration of Cloud Computing, Cyber Physical Systems and Internet of Things",https://doi.org/10.1007/978-3-030-43795-4_5,,
2020-02-01-dyverse-edge-scaling.md,yes,manuscripts,2020-02-01,DYVERSE: DYnamic VERtical Scaling in Multi-Tenant Edge Environments,Future Generation Computer Systems,https://doi.org/10.1016/j.future.2020.02.043,,
2020-03-01-harmony-qos-energy.md,yes,conferences,2020-03-01,HaRMony: Heterogeneous-Reliability Memory and QoS-Aware Energy Management on Virtualized Servers,ACM International Conference on Architectural Support for Programming Languages and Operating Systems (ASPLOS),https://doi.org/10.1145/3373376.3378489,,
2020-03-09-defcon-failure-prone-instruction-sequences.md,yes,conferences,2020-03-09,DEFCON: Generating and Detecting Failure-prone Instruction Sequences via Stochastic Search,"Design, Automation & Test in Europe Conference & Exhibition (DATE)",https://doi.org/10.23919/DATE48585.2020.9116363,,
2020-05-01-cross-architectural-power-modelling.md,yes,conferences,2020-05-01,Cross Architectural Power Modelling,"IEEE/ACM International Symposium on Cluster, Cloud and Internet Computing (CCGRID)",https://doi.org/10.1109/CCGrid49817.2020.00-54,,
2020-05-01-fast-analysis-prediction-vm-resource-utilisation.md,yes,conferences,2020-05-01,Fast Analysis and Prediction in Large Scale Virtual Machines Resource Utilisation,10th International Conference on Cloud Computing and Services Science (CLOSER),https://doi.org/10.5220/0009408701150126,,
2020-07-01-riann-real-time-incremental-learning.md,yes,conferences,2020-07-01,RIANN: Real-time Incremental Learning with Approximate Nearest Neighbor on Mobile Devices,USENIX Conference on Operational Machine Learning (OpML),https://www.usenix.org/conference/opml20/presentation/liu,,
2020-08-01-air-iterative-refinement-acceleration.md,yes,manuscripts,2020-08-01,AIR: Iterative refinement acceleration using arbitrary dynamic precision,Parallel Computing,https://doi.org/10.1016/j.parco.2020.102663,,
2020-10-01-dstress-dram-viruses.md,yes,conferences,2020-10-01,DStress: Automatic Synthesis of DRAM Reliability Stress Viruses using Genetic Algorithms,IEEE/ACM International Symposium on Microarchitecture (MICRO),https://doi.org/10.1109/MICRO50266.2020.00035,,
2020-11-01-enorm-edge-resource-management.md,yes,manuscripts,2020-11-01,ENORM: A Framework For Edge NOde Resource Management,IEEE Transactions on Services Computing,https://doi.org/10.1109/TSC.2017.2753775,,
2021-02-01-linear-regression-ddos-attack-detection.md,yes,conferences,2021-02-01,Linear Regression Based DDoS Attack Detection,International Conference on Machine Learning and Computing (ICMLC),https://doi.org/10.1145/3457682.3457769,,
2021-08-01-deployment-use-accelerators-duac-2021.md,yes,volumes,2021-08-01,Proceedings of the Workshop on Deployment and Use of Accelerators (DUAC),International Conference on Parallel Processing (ICPP) Workshops,https://dl.acm.org/doi/proceedings/10.1145/3458744,,
2021-11-01-revealing-dram-operating-guardbands.md,yes,manuscripts,2021-11-01,Revealing DRAM Operating GuardBands Through Workload-Aware Error Predictive Modeling,IEEE Transactions on Computers,https://doi.org/10.1109/TC.2020.3033627,,
2022-03-01-fpga-multitasking.md,yes,manuscripts,2022-03-01,"Efficient, Dynamic Multi-Task Execution on FPGA-Based Computing Systems",IEEE Transactions on Parallel and Distributed Systems,https://doi.org/10.1109/TPDS.2021.3101153,,
2022-03-01-mixed-precision-kernel-recursive-least-squares.md,yes,manuscripts,2022-03-01,Mixed-Precision Kernel Recursive Least Squares,IEEE Transactions on Neural Networks and Learning Systems,https://doi.org/10.1109/TNNLS.2020.3041677,,
2022-05-01-gshare-gpu-memory.md,yes,manuscripts,2022-05-01,gShare: A centralized GPU memory management framework to enable GPU memory sharing for containers,Future Generation Computer Systems,https://doi.org/10.1016/j.future.2021.12.016,,
2022-05-16-efficient-deep-learning-serverless.md,yes,conferences,2022-05-16,On Realizing Efficient Deep Learning Using Serverless Computing,"IEEE International Symposium on Cluster, Cloud and Internet Computing (CCGrid)",https://doi.org/10.1109/CCGrid54584.2022.00031,,
2022-06-01-power-log-roll-localized-rollback.md,yes,manuscripts,2022-06-01,Power Log'n'Roll: Power-Efficient Localized Rollback for MPI Applications Using Message Logging Protocols,IEEE Transactions on Parallel and Distributed Systems,https://doi.org/10.1109/TPDS.2021.3107745,,
2022-08-01-message-2nd-duac-organizing-committee.md,yes,volumes,2022-08-01,Proceedings of the International Workshop on Deployment and Use of Accelerators,International Conference on Parallel Processing (ICPP) Workshops,https://dl.acm.org/doi/proceedings/10.1145/3547276,,
2023-01-01-auto-scaling-edge-cloud-network-slicing.md,yes,manuscripts,2023-01-01,Auto-scaling edge cloud for network slicing,Frontiers in High Performance Computing,https://doi.org/10.3389/fhpcp.2023.1167162,,
2023-01-01-hotinfra-fine-grain-slicing.md,yes,workshops,2023-01-01,Fine-Grain Slicing of Edge Cloud Servers for Radio Workloads,IEEE Workshop on Hot Topics in System Infrastructure (HotInfra),https://hotinfra23.github.io/papers/hotinfra23-paper18.pdf,,
2023-01-01-punching-holes-cloud-serverless-functions.md,yes,bookchapters,2023-01-01,Punching Holes in the Cloud: Direct Communication Between Serverless Functions,Serverless Computing: Principles and Paradigms,https://doi.org/10.1007/978-3-031-26633-1_2,,
2023-06-01-decentralised-biomedical-signal-classification.md,yes,conferences,2023-06-01,Decentralised Biomedical Signal Classification using Early Exits,IEEE Interregional NEWCAS Conference,https://doi.org/10.1109/NEWCAS57931.2023.10198098,,
2023-08-01-3rd-duac-workshop-organizing-committee.md,yes,volumes,2023-08-01,Proceedings of the International Workshop on Deployment and Use of Accelerators,International Conference on Paralell Processing (ICPP) Workshops,https://dl.acm.org/doi/proceedings/10.1145/3605731,,
2023-09-01-persistent-memory-stateful-serverless-computing.md,yes,techreports,2023-09-01,Towards Persistent Memory based Stateful Serverless Computing for Big Data Applications,arXiv preprint,https://arxiv.org/abs/2309.01662,,
2024-02-01-efficient-python-interpreter-tiered-memory.md,yes,conferences,2024-02-01,Towards Efficient Python Interpreter for Tiered Memory Systems,USENIX Conference on File and Storage Technologies (FAST) - Poster Session,https://par.nsf.gov/servlets/purl/10495376,,
2024-03-01-parallel-islands-educational-video-game.md,yes,conferences,2024-03-01,Parallel Islands: A Parallel Computing Educational Video Game,ACM Technical Symposium on Computer Science Education (SIGCSE),https://dl.acm.org/doi/abs/10.1145/3626253.3635591,,
2024-04-01-robust-optimal-joint-deployment-ric.md,yes,manuscripts,2024-04-01,On Robust Optimal Joint Deployment and Assignment of RAN Intelligent Controllers in O-RANs,IEEE Open Journal of the Communications Society,https://doi.org/10.1109/OJCOMS.2024.3383607,,
2024-05-01-application-attuned-memory-management.md,yes,conferences,2024-05-01,Application-Attuned Memory Management for Containerized HPC Workflows,IEEE International Parallel and Distributed Processing Symposium (IPDPS),https://doi.org/10.1109/IPDPS57955.2024.00019,,
2024-05-01-framefeedback-closed-loop-control-system.md,yes,workshops,2024-05-01,FrameFeedback: A Closed-Loop Control System for Dynamic Offloading Real-Time Edge Inference,IEEE International Parallel and Distributed Processing Symposium Workshops (IPDPSW),https://doi.org/10.1109/IPDPSW63119.2024.00116,,
2024-10-01-tuning-fast-memory-page-migration.md,yes,techreports,2024-10-01,Tuning Fast Memory Size based on Modeling of Page Migration for Tiered Memory,arXiv preprint,https://arxiv.org/abs/2410.00328,,
2024-11-01-parvagpu-efficient-spatial-gpu-sharing.md,yes,conferences,2024-11-01,ParvaGPU: Efficient Spatial GPU Sharing for Large-Scale DNN Inference in Cloud Environments,"International Conference for High Performance Computing, Networking, Storage and Analysis (SC)",https://doi.org/10.1109/SC41406.2024.00048,,
2025-01-01-parallel-cpu-gpu-execution-llm-inference.md,yes,techreports,2025-01-01,Parallel CPU-GPU Execution for LLM Inference on Constrained GPUs,arXiv preprint,https://arxiv.org/abs/2506.03296,,
2025-01-01-sled-speculative-llm-decoding.md,yes,techreports,2025-01-01,SLED: A Speculative LLM Decoding Framework for Efficient Edge Serving,arXiv preprint,https://arxiv.org/abs/2506.09397,,
2025-04-11-hired-attention-token-dropping.md,yes,conferences,2025-04-11,HiRED: Attention-Guided Token Dropping for Efficient Inference of High-Resolution Vision-Language Models,AAAI Conference on Artificial Intelligence,https://doi.org/10.1609/aaai.v39i2.32171,,
2025-05-01-marco.md,yes,techreports,2025-05-01,MARCO: Multi-Agent Code Optimization with Real-Time Knowledge Integration for High-Performance Computing,arXiv,https://arxiv.org/abs/2505.03906,,
2025-07-01-polymorph-arxiv-techreport.md,yes,techreports,2025-07-01,Polymorph: Energy-Efficient Multi-Label Classification for Video Streams on Embedded Devices,arXiv preprint arXiv:2507.14959,https://arxiv.org/abs/2507.14959,,
2025-07-09-marvel-risc-v-extensions.md,yes,manuscripts,2025-07-09,MARVEL: An End-to-End Framework for Generating Model-Class Aware Custom RISC-V Extensions for Lightweight AI,IEEE Open Journal of Circuits and Systems,https://arxiv.org/abs/2508.01800,,
2025-10-01-vmil-memory-tiering-python.md,yes,workshops,2025-10-01,Memory Tiering in the Python Virtual Machine,"Proceedings of the 17th SPLASH Workshop on Virtual Machines and Language Implementations (VMIL), Singapore",https://doi.org/10.1145/3759548.3763372,,
2025-11-01-diffpro-joint-timestep-and-layer-wise-precision-optimization-for-efficient-diffusion-inference.md,yes,posters,2025-11-01,DiffPro: Joint Timestep and Layer-Wise Precision Optimization for Efficient Diffusion Inference,"SC 2025 (St. Louis, MO) — Poster",https://sc25.supercomputing.org/proceedings/posters/poster_files/post198s2-file3.pdf,,
2025-11-01-divide-conquer-and-denoise-hybrid-parallel-diffusion-with-memory-aware-coarse-to-fine-inference.md,yes,posters,2025-11-01,"Divide, Conquer, and Denoise: Hybrid Parallel Diffusion with Memory-Aware Coarse-to-Fine Inference","SC 2025 (St. Louis, MO) — Poster",https://sc25.supercomputing.org/proceedings/posters/poster_files/post246s2-file3.pdf,,
2025-11-01-energy-efficient-multimodal-llm-inference-stage-level-characterization-and-input-aware-controls.md,yes,posters,2025-11-01,Energy-Efficient Multimodal LLM Inference: Stage-Level Characterization and Input-Aware Controls,"SC 2025 (St. Louis, MO) — Poster",https://sc25.supercomputing.org/proceedings/posters/poster_files/post286s2-file3.pdf,,
2025-11-01-hydracache-long-context-prefill-parallelization-via-distributed-cache-blending.md,yes,posters,2025-11-01,HydraCache: Long-Context Prefill Parallelization via Distributed Cache Blending,"SC 2025 (St. Louis, MO) — Poster",https://sc25.supercomputing.org/proceedings/posters/poster_files/post304s2-file3.pdf,,
2025-11-18-polymorph-wacv.md,yes,conferences,2025-11-18,Polymorph: Energy-Efficient Multi-Label Classification for Video Streams on Embedded Devices,Proceedings of the IEEE/CVF Winter Conference on Applications of Computer Vision (WACV),https://arxiv.org/abs/2507.14959,,
2025-11-20-diffpro-arxiv.md,yes,techreports,2025-11-20,DiffPro: Joint Timestep and Layer-Wise Precision Optimization for Efficient Diffusion Inference,arXiv preprint arXiv:2511.11446,https://arxiv.org/abs/2511.11446,,
2025-12-01-sled-speculative-llm-decoding.md,yes,conferences,2025-12-01,SLED: A Speculative LLM Decoding Framework for Efficient Edge Serving,"Tenth ACM/IEEE Symposium on Edge Computing (SEC), Washington, D.C.",https://doi.org/10.1145/3769102.3770608,,
2025-12-23-apex-ipdps.md,yes,conferences,2025-12-23,APEX: Asynchronous Parallel CPU-GPU Execution for Online LLM Inference on Constrained GPUs,Proceedings of the 40th IEEE International Parallel and Distributed Processing Symposium (IPDPS),https://arxiv.org/abs/2506.03296,,
2025-12-23-dllm.md,yes,techreports,2025-12-23,Taming the Memory Footprint Crisis: System Design for Production Diffusion LLM Serving,,https://arxiv.org/abs/2512.17077,,missing recommended 'venue'
2026-01-23-wisp.md,yes,techreports,2026-01-23,WISP: Waste- and Interference-Suppressed Distributed Speculative LLM Serving at the Edge via Dynamic Drafting and SLO-Aware Batching,,https://arxiv.org/abs/2601.11652,,missing recommended 'venue'
2026-02-16-marco-capwic.md,yes,conferences,2026-02-16,MARCO: Multi-Agent Code Optimization for High-Performance Computing,ACM Capital Region Celebration of Women in Computing Conference (CAPWIC),https://arxiv.org/abs/2505.03906,,
2026-03-04-fan-dllm-serve-ics.md,yes,conferences,2026-03-04,dLLM-Serve: Bridging the Memory Gap in Diffusion Language Model Serving,Proceedings of the 40th ACM International Conference on Supercomputing (ICS),https://arxiv.org/abs/2512.17077,,
2026-03-04-moghadampanah-modality-inflation-iwapt.md,yes,workshops,2026-03-04,Modality Inflation: Energy Characterization and Optimization Opportunities for MLLM Inference,Proceedings of the 21st International Workshop on Automatic Performance Tuning (iWAPT),https://arxiv.org/abs/2512.22695,,
2026-04-29-fact-arxiv-techreport.md,yes,techreports,2026-04-29,FACT: Compositional Kernel Synthesis with a Three-Stage Agentic Workflow,arXiv preprint arXiv:2604.26666,https://arxiv.org/abs/2604.26666,,
2026-06-01-configspec-tdis.md,yes,workshops,2026-06-01,ConfigSpec: Profiling-Based Configuration Selection for Distributed Edge-Cloud Speculative LLM Serving,Proceedings of the 4th International Workshop on Testing Distributed Internet of Things Systems (TDIS),,,missing recommended 'paperurl'
2026-06-01-wisp-sigmetrics.md,yes,manuscripts,2026-06-01,WISP: Waste- and Interference-Suppressed Distributed Speculative LLM Serving at the Edge via Dynamic Drafting and SLO-Aware Batching,Proceedings of the ACM on Measurement and Analysis of Computing Systems (ACM POMACS-SIGMETRICS),https://arxiv.org/abs/2601.11652,,
